{"type":"FeatureCollection","features":[{"type":"Feature","properties":{"roadtype":"Үйлчилгээний зам","soum":"Баян Уул","soumCode":8207,"lengthKm":0.1},"geometry":{"type":"LineString","coordinates":[[95.20757,46.99128],[95.20839,46.99121]]}},{"type":"Feature","properties":{"roadtype":"Үйлчилгээний зам","soum":"Тонхил","soumCode":8228,"lengthKm":0.2},"geometry":{"type":"MultiLineString","coordinates":[[[93.90508,46.30593],[93.90474,46.30555]],[[93.90406,46.30469],[93.9036,46.30424]]]}},{"type":"Feature","properties":{"roadtype":"Үйлчилгээний зам","soum":"Дэлгэр","soumCode":8219,"lengthKm":0.2},"geometry":{"type":"MultiLineString","coordinates":[[[97.36369,46.35352],[97.36433,46.35349]],[[97.36718,46.35182],[97.36738,46.3513]]]}},{"type":"Feature","properties":{"roadtype":"Үйлчилгээний зам","soum":"Тайшир","soumCode":8225,"lengthKm":0.1},"geometry":{"type":"LineString","coordinates":[[96.5245,46.7117],[96.52407,46.71114]]}},{"type":"Feature","properties":{"roadtype":"Үйлчилгээний зам","soum":"Алтай","soumCode":8204,"lengthKm":0.2},"geometry":{"type":"MultiLineString","coordinates":[[[94.92503,44.61427],[94.92554,44.61397]],[[94.92825,44.61237],[94.92738,44.61291]]]}},{"type":"Feature","properties":{"roadtype":"Үйлчилгээний зам","soum":"Цээл","soumCode":8243,"lengthKm":10.4},"geometry":{"type":"MultiLineString","coordinates":[[[95.61501,45.5708],[95.61525,45.57144]],[[95.61384,45.5705],[95.61284,45.57127]],[[95.61501,45.5708],[95.61565,45.57064]],[[95.61384,45.5705],[95.61501,45.5708]],[[95.61384,45.5705],[95.61338,45.56915]],[[95.61338,45.56915],[95.61043,45.55727],[95.61951,45.54787]],[[95.63502,45.55267],[95.64021,45.55509]],[[95.65063,45.55347],[95.64757,45.55271],[95.64995,45.55108],[95.64898,45.5461],[95.64427,45.54613]],[[95.6398,45.54639],[95.63926,45.5498],[95.63502,45.55267]],[[95.63286,45.55227],[95.63502,45.55267]],[[95.64352,45.54663],[95.64302,45.54909]],[[95.61951,45.54787],[95.63377,45.54492],[95.6398,45.54639]],[[95.64427,45.54613],[95.64352,45.54663]],[[95.64041,45.54521],[95.64352,45.54663]],[[95.64041,45.54521],[95.6398,45.54639]],[[95.64427,45.54613],[95.64373,45.53926]],[[95.63351,45.54104],[95.64041,45.54521]]]}},{"type":"Feature","properties":{"roadtype":"Үйлчилгээний зам","soum":"Есөнбулаг","soumCode":8201,"lengthKm":9.1},"geometry":{"type":"MultiLineString","coordinates":[[[96.27737,46.38745],[96.27728,46.38678]],[[96.27725,46.38655],[96.27713,46.38601]],[[96.27598,46.38495],[96.2766,46.38536]],[[96.27349,46.38342],[96.27281,46.383]],[[96.27254,46.38283],[96.27166,46.38228]],[[96.27115,46.38197],[96.2697,46.38106]],[[96.22281,46.38073],[96.22303,46.38134]],[[96.22281,46.38073],[96.22209,46.3805]],[[96.22209,46.3805],[96.22281,46.38073]],[[96.22209,46.3805],[96.22232,46.38012]],[[96.22232,46.38012],[96.2232,46.37997]],[[96.22232,46.38012],[96.22097,46.37634]],[[96.19901,46.3801],[96.22097,46.37634]],[[96.2348,46.37864],[96.23576,46.37842]],[[96.23653,46.37825],[96.23741,46.37805]],[[96.26495,46.37818],[96.26453,46.37778]],[[96.26392,46.3772],[96.26297,46.37703]],[[96.23922,46.37616],[96.24029,46.37686]],[[96.22097,46.37634],[96.23527,46.37388]],[[96.25091,46.37574],[96.25146,46.37616]],[[96.25064,46.37555],[96.25091,46.37574]],[[96.25885,46.37547],[96.25896,46.37531]],[[96.25896,46.37531],[96.25971,46.37522]],[[96.24885,46.37512],[96.24953,46.37494]],[[96.25896,46.37531],[96.25971,46.37522]],[[96.25971,46.37522],[96.25995,46.37529]],[[96.26233,46.37514],[96.2624,46.37477]],[[96.26425,46.3751],[96.26304,46.37496]],[[96.26182,46.37499],[96.26297,46.37417]],[[96.26121,46.37481],[96.26157,46.37404]],[[96.25852,46.3741],[96.25871,46.37444]],[[96.26157,46.37404],[96.26176,46.37348]],[[96.2555,46.37321],[96.25829,46.37315]],[[96.25541,46.37327],[96.2555,46.37321]],[[96.2555,46.37321],[96.25583,46.37249]],[[96.25658,46.37269],[96.25683,46.37276]],[[96.25861,46.37268],[96.25826,46.3723]],[[96.25408,46.37238],[96.25396,46.37258]],[[96.2562,46.37259],[96.25666,46.37156]],[[96.24848,46.37085],[96.24999,46.37015]],[[96.25808,46.37029],[96.25895,46.36933]],[[96.25226,46.36902],[96.25312,46.36958]],[[96.25446,46.37034],[96.2548,46.36965]],[[96.25415,46.37014],[96.25446,46.37034]],[[96.25415,46.37014],[96.25419,46.36975]],[[96.25394,46.36942],[96.25415,46.37014]],[[96.25746,46.36909],[96.25725,46.36835]],[[96.25257,46.36872],[96.25226,46.36902]],[[96.25702,46.36821],[96.25603,46.36835]],[[96.25646,46.36725],[96.25792,46.36678]],[[96.25623,46.36699],[96.25656,46.36691]],[[96.25792,46.36678],[96.25899,46.36623]],[[96.25674,46.36625],[96.25792,46.36678]],[[96.25663,46.36664],[96.25678,46.3661]],[[96.25512,46.36657],[96.25442,46.36632]],[[96.25926,46.36653],[96.25899,46.36623]],[[96.25899,46.36623],[96.25984,46.36528]],[[96.25689,46.36572],[96.25747,46.36478]],[[96.25706,46.36512],[96.25689,46.36572]],[[96.25221,46.36495],[96.2514,46.36472]],[[96.25671,46.36427],[96.25709,46.36502]],[[96.25115,46.36466],[96.25068,46.36458]],[[96.25034,46.36444],[96.25115,46.36466]],[[96.25068,46.36458],[96.25034,46.36444]],[[96.25651,46.36415],[96.2574,46.36388]]]}},{"type":"Feature","properties":{"roadtype":"Хоёрдогч авто зам","soum":"Есөнбулаг","soumCode":8201,"lengthKm":2.5},"geometry":{"type":"MultiLineString","coordinates":[[[96.25911,46.38217],[96.25772,46.38372]],[[96.25948,46.38175],[96.25911,46.38217]],[[96.25994,46.38123],[96.25948,46.38175]],[[96.26039,46.38073],[96.25994,46.38123]],[[96.26081,46.38024],[96.26039,46.38073]],[[96.26115,46.37986],[96.26081,46.38024]],[[96.26153,46.37941],[96.26115,46.37986]],[[96.26195,46.37884],[96.26153,46.37941]],[[96.26239,46.3782],[96.26195,46.37884]],[[96.26254,46.37772],[96.26239,46.3782]],[[96.26274,46.37735],[96.26254,46.37772]],[[96.26297,46.37703],[96.26274,46.37735]],[[96.26331,46.37664],[96.26297,46.37703]],[[96.25348,46.37335],[96.25329,46.37365]],[[96.25352,46.37329],[96.25348,46.37335]],[[96.25378,46.37287],[96.25352,46.37329]],[[96.25379,46.37285],[96.25378,46.37287]],[[96.25396,46.37258],[96.25379,46.37285]],[[96.25408,46.37238],[96.25396,46.37258]],[[96.25427,46.37207],[96.25408,46.37238]],[[96.25475,46.37105],[96.25427,46.37207]],[[96.25513,46.37027],[96.25475,46.37105]],[[96.25541,46.36969],[96.25513,46.37027]],[[96.25597,46.36849],[96.25541,46.36969]],[[96.25603,46.36835],[96.25597,46.36849]],[[96.25629,46.36779],[96.25603,46.36835]],[[96.25643,46.36739],[96.25629,46.36779]],[[96.25646,46.36725],[96.25643,46.36739]],[[96.25656,46.36691],[96.25646,46.36725]],[[96.25663,46.36664],[96.25656,46.36691]],[[96.25674,46.36625],[96.25663,46.36664]],[[96.25678,46.3661],[96.25674,46.36625]],[[96.25689,46.36572],[96.25678,46.3661]],[[96.25706,46.36512],[96.25689,46.36572]],[[96.25709,46.36502],[96.25706,46.36512]],[[96.25721,46.36458],[96.25709,46.36502]],[[96.2574,46.36388],[96.25721,46.36458]],[[96.25816,46.36109],[96.2574,46.36388]],[[96.25845,46.35992],[96.25816,46.36109]]]}},{"type":"Feature","properties":{"roadtype":"Гуравдагч зам","soum":"Тонхил","soumCode":8228,"lengthKm":0.4},"geometry":{"type":"MultiLineString","coordinates":[[[93.90294,46.31171],[93.90297,46.31148]],[[93.90297,46.31148],[93.90298,46.31137]],[[93.90298,46.31137],[93.90307,46.31078]],[[93.90307,46.31078],[93.90314,46.31029]],[[93.90314,46.31029],[93.9032,46.3099]],[[93.9032,46.3099],[93.90329,46.30937]],[[93.90329,46.30937],[93.90335,46.309]],[[93.90335,46.309],[93.90336,46.30892]],[[93.90336,46.30892],[93.90343,46.30848]]]}},{"type":"Feature","properties":{"roadtype":"Гуравдагч зам","soum":"Жаргалан","soumCode":8222,"lengthKm":0.4},"geometry":{"type":"MultiLineString","coordinates":[[[95.9295,46.97841],[95.92941,46.9787]],[[95.92941,46.9787],[95.92675,46.97846]],[[95.92675,46.97846],[95.92599,46.97838]],[[95.92968,46.97782],[95.9295,46.97841]],[[95.92599,46.97838],[95.92568,46.97836]]]}},{"type":"Feature","properties":{"roadtype":"Гуравдагч зам","soum":"Тайшир","soumCode":8225,"lengthKm":0.2},"geometry":{"type":"MultiLineString","coordinates":[[[96.52559,46.7134],[96.52735,46.71257]],[[96.52735,46.71257],[96.52784,46.71234]]]}},{"type":"Feature","properties":{"roadtype":"Гуравдагч зам","soum":"Бигэр","soumCode":8210,"lengthKm":0.4},"geometry":{"type":"MultiLineString","coordinates":[[[97.17173,45.71012],[97.17281,45.70975]],[[97.17281,45.70975],[97.17397,45.70937]],[[97.17397,45.70937],[97.17494,45.70904]],[[97.17494,45.70904],[97.17594,45.7087]]]}},{"type":"Feature","properties":{"roadtype":"Гуравдагч зам","soum":"Есөнбулаг","soumCode":8201,"lengthKm":21.7},"geometry":{"type":"MultiLineString","coordinates":[[[96.25211,46.38066],[96.25502,46.38101]],[[96.25502,46.38101],[96.25504,46.381]],[[96.25504,46.381],[96.25556,46.38074]],[[96.25556,46.38074],[96.25582,46.38062]],[[96.25107,46.38017],[96.25211,46.38066]],[[96.25582,46.38062],[96.25598,46.38056]],[[96.25598,46.38056],[96.25637,46.38045]],[[96.25637,46.38045],[96.25658,46.38042]],[[96.25658,46.38042],[96.25679,46.38036]],[[96.25679,46.38036],[96.25707,46.38015]],[[96.24932,46.37889],[96.25107,46.38017]],[[96.25707,46.38015],[96.2572,46.38005]],[[96.2572,46.38005],[96.25748,46.37984]],[[96.25748,46.37984],[96.2576,46.37971]],[[96.2576,46.37971],[96.2577,46.37951]],[[96.2577,46.37951],[96.25771,46.37932]],[[96.25771,46.37932],[96.25691,46.37838]],[[96.24919,46.37837],[96.24932,46.37889]],[[96.25691,46.37838],[96.25698,46.37794]],[[96.24954,46.37774],[96.24919,46.37837]],[[96.25698,46.37794],[96.25738,46.37743]],[[96.24988,46.3771],[96.24954,46.37774]],[[96.25738,46.37743],[96.25789,46.37656]],[[96.25016,46.37656],[96.24988,46.3771]],[[96.26331,46.37664],[96.26393,46.37563]],[[96.25036,46.37618],[96.25016,46.37656]],[[96.25789,46.37656],[96.25813,46.37575]],[[96.25056,46.37577],[96.25036,46.37618]],[[96.25064,46.37555],[96.25056,46.37577]],[[96.25813,46.37575],[96.25835,46.37536]],[[96.25974,46.37566],[96.25995,46.37529]],[[96.26425,46.3751],[96.26393,46.37563]],[[96.26233,46.37514],[96.26393,46.37563]],[[96.25039,46.3747],[96.25064,46.37555]],[[96.25835,46.37536],[96.25906,46.37424]],[[96.25995,46.37529],[96.26036,46.37458]],[[96.26182,46.37499],[96.26233,46.37514]],[[96.26483,46.37414],[96.26425,46.3751]],[[96.26121,46.37481],[96.26182,46.37499]],[[96.25635,46.37491],[96.25682,46.37364]],[[96.26036,46.37458],[96.26121,46.37481]],[[96.25352,46.37329],[96.25537,46.37469]],[[96.25906,46.37424],[96.26036,46.37458]],[[96.25762,46.37386],[96.25762,46.37434]],[[96.25906,46.37424],[96.25939,46.37345]],[[96.25852,46.3741],[96.25906,46.37424]],[[96.2653,46.37305],[96.26483,46.37414]],[[96.25762,46.37386],[96.25852,46.3741]],[[96.25939,46.37345],[96.26157,46.37404]],[[96.25682,46.37364],[96.25762,46.37386]],[[96.25541,46.37327],[96.25682,46.37364]],[[96.2533,46.3733],[96.25312,46.37362]],[[96.25939,46.37345],[96.26009,46.37203]],[[96.25829,46.37315],[96.25939,46.37345]],[[96.25348,46.37335],[96.2533,46.3733]],[[96.25286,46.37277],[96.2533,46.3733]],[[96.25379,46.37285],[96.25541,46.37327]],[[96.25224,46.37312],[96.25286,46.37277]],[[96.25785,46.37303],[96.25829,46.37315]],[[96.26417,46.37235],[96.2653,46.37305]],[[96.25785,46.37303],[96.25826,46.3723]],[[96.25683,46.37276],[96.25785,46.37303]],[[96.25293,46.37267],[96.25378,46.37287]],[[96.25286,46.37277],[96.25293,46.37267]],[[96.25658,46.37269],[96.25683,46.37276]],[[96.2562,46.37259],[96.25658,46.37269]],[[96.25293,46.37267],[96.25338,46.37184]],[[96.25099,46.37222],[96.25293,46.37267]],[[96.25583,46.37249],[96.2562,46.37259]],[[96.25427,46.37207],[96.25583,46.37249]],[[96.26311,46.37173],[96.26417,46.37235]],[[96.25826,46.3723],[96.25846,46.37194]],[[96.25099,46.37222],[96.25134,46.3715]],[[96.24823,46.37127],[96.25099,46.37222]],[[96.25143,46.37218],[96.25134,46.3715]],[[96.25338,46.37184],[96.25427,46.37207]],[[96.26009,46.37203],[96.26099,46.37051]],[[96.25912,46.37179],[96.26009,46.37203]],[[96.25062,46.37198],[96.25076,46.37169]],[[96.25846,46.37194],[96.25912,46.37179]],[[96.25666,46.37156],[96.25846,46.37194]],[[96.25025,46.37189],[96.25076,46.37169]],[[96.25338,46.37184],[96.25244,46.37124]],[[96.26298,46.37166],[96.26311,46.37173]],[[96.25076,46.37169],[96.25092,46.37142]],[[96.26215,46.37119],[96.26298,46.37166]],[[96.25535,46.37121],[96.25666,46.37156]],[[96.25092,46.37142],[96.25006,46.37154]],[[96.25134,46.3715],[96.25153,46.37108]],[[96.25134,46.3715],[96.25092,46.37142]],[[96.24823,46.37127],[96.24848,46.37085]],[[96.24772,46.3698],[96.24823,46.37127]],[[96.25244,46.37124],[96.25153,46.37108]],[[96.25586,46.37024],[96.25535,46.37121]],[[96.25492,46.3711],[96.25535,46.37121]],[[96.26289,46.37043],[96.26215,46.37119]],[[96.26099,46.37051],[96.26215,46.37119]],[[96.25492,46.3711],[96.25535,46.37023]],[[96.25475,46.37105],[96.25492,46.3711]],[[96.25153,46.37108],[96.25121,46.3705]],[[96.24848,46.37085],[96.24908,46.36992]],[[96.25895,46.36933],[96.26099,46.37051]],[[96.2632,46.37006],[96.26289,46.37043]],[[96.25095,46.37019],[96.25146,46.37006]],[[96.25095,46.37019],[96.2511,46.36989]],[[96.25053,46.3701],[96.25095,46.37019]],[[96.24987,46.37012],[96.25008,46.37]],[[96.25053,46.3701],[96.25068,46.36979]],[[96.25008,46.37],[96.25053,46.3701]],[[96.26344,46.36968],[96.2632,46.37006]],[[96.25008,46.37],[96.25026,46.36964]],[[96.24908,46.36992],[96.24916,46.36981]],[[96.24916,46.36981],[96.24921,46.36971]],[[96.24729,46.36844],[96.24772,46.3698]],[[96.24921,46.36971],[96.24971,46.36893]],[[96.25541,46.36969],[96.25401,46.36922]],[[96.26367,46.36933],[96.26344,46.36968]],[[96.25026,46.36964],[96.25039,46.36941]],[[96.26399,46.36903],[96.26367,46.36933]],[[96.25861,46.36913],[96.25895,46.36933]],[[96.25401,46.36922],[96.25372,46.36913]],[[96.25401,46.36922],[96.25372,46.36913]],[[96.25725,46.36835],[96.25861,46.36913]],[[96.25372,46.36913],[96.25304,46.36889]],[[96.26433,46.3688],[96.26399,46.36903]],[[96.24971,46.36893],[96.24979,46.36881]],[[96.25338,46.36825],[96.25304,46.36889]],[[96.25304,46.36889],[96.25257,46.36872]],[[96.24979,46.36881],[96.25044,46.36781]],[[96.26484,46.36845],[96.26433,46.3688]],[[96.25257,46.36872],[96.253,46.36817]],[[96.25257,46.36872],[96.25185,46.36838]],[[96.25472,46.36809],[96.25597,46.36849]],[[96.26518,46.36819],[96.26484,46.36845]],[[96.2472,46.36817],[96.24729,46.36844]],[[96.24066,46.36496],[96.24729,46.36844]],[[96.25185,46.36838],[96.25044,46.36781]],[[96.25702,46.36821],[96.25725,46.36835]],[[96.25338,46.36825],[96.25443,46.36815]],[[96.253,46.36817],[96.25338,46.36825]],[[96.25629,46.36779],[96.25702,46.36821]],[[96.26548,46.36795],[96.26518,46.36819]],[[96.24694,46.36736],[96.2472,46.36817]],[[96.25443,46.36815],[96.25472,46.36809]],[[96.26162,46.36587],[96.26548,46.36795]],[[96.25065,46.36749],[96.25044,46.36781]],[[96.24066,46.36496],[96.23758,46.36772],[96.22727,46.36222],[96.23036,46.35946]],[[96.25076,46.36732],[96.25065,46.36749]],[[96.24689,46.36665],[96.24694,46.36736]],[[96.25097,46.36703],[96.25076,46.36732]],[[96.25646,46.36725],[96.25512,46.36657]],[[96.2511,46.36686],[96.25097,46.36703]],[[96.25114,46.36681],[96.2511,46.36686]],[[96.25152,46.36631],[96.25114,46.36681]],[[96.25045,46.36658],[96.25114,46.36681]],[[96.24731,46.36607],[96.24689,46.36665]],[[96.2495,46.36627],[96.25045,46.36658]],[[96.25512,46.36657],[96.25474,46.36637]],[[96.25474,46.36637],[96.25472,46.36583]],[[96.25474,46.36637],[96.25408,46.36602]],[[96.25154,46.36629],[96.25152,46.36631]],[[96.25173,46.36604],[96.25154,46.36629]],[[96.24774,46.36566],[96.2495,46.36627]],[[96.24774,46.36566],[96.24731,46.36607]],[[96.25202,46.36568],[96.25173,46.36604]],[[96.26123,46.3658],[96.26162,46.36587]],[[96.25984,46.36528],[96.26123,46.3658]],[[96.25252,46.36504],[96.25202,46.36568]],[[96.24782,46.36558],[96.24774,46.36566]],[[96.24836,46.36506],[96.24782,46.36558]],[[96.25808,46.36456],[96.25984,46.36528]],[[96.24867,46.36475],[96.24836,46.36506]],[[96.25302,46.36447],[96.25252,46.36504]],[[96.25252,46.36504],[96.25221,46.36495]],[[96.23036,46.35946],[96.24066,46.36496]],[[96.25221,46.36495],[96.2514,46.36472]],[[96.24927,46.3642],[96.24867,46.36475]],[[96.24867,46.36475],[96.24389,46.36183]],[[96.2514,46.36472],[96.25132,46.3647]],[[96.25132,46.3647],[96.25115,46.36466]],[[96.25115,46.36466],[96.25034,46.36444]],[[96.25721,46.36458],[96.25808,46.36456]],[[96.25671,46.36427],[96.25721,46.36458]],[[96.2532,46.36428],[96.25302,46.36447]],[[96.25034,46.36444],[96.24927,46.3642]],[[96.25382,46.36367],[96.2532,46.36428]],[[96.25651,46.36415],[96.25671,46.36427]],[[96.24948,46.36398],[96.24927,46.3642]],[[96.25628,46.36402],[96.25651,46.36415]],[[96.25451,46.36299],[96.25628,46.36402]],[[96.24981,46.36365],[96.24948,46.36398]],[[96.25417,46.36332],[96.25382,46.36367]],[[96.24996,46.3635],[96.24981,46.36365]],[[96.2504,46.36307],[96.24996,46.3635]],[[96.25451,46.36299],[96.25417,46.36332]],[[96.25052,46.36296],[96.2504,46.36307]],[[96.25202,46.3615],[96.25451,46.36299]],[[96.25104,46.36245],[96.25052,46.36296]],[[96.25113,46.36237],[96.25104,46.36245]],[[96.25127,46.36224],[96.25113,46.36237]],[[96.25156,46.36195],[96.25127,46.36224]],[[96.25158,46.36193],[96.25156,46.36195]],[[96.25202,46.3615],[96.25158,46.36193]],[[96.24389,46.36183],[96.23884,46.35877]],[[96.2475,46.35885],[96.25202,46.3615]],[[96.25697,46.35908],[96.25846,46.35986]],[[96.23036,46.35946],[96.23116,46.35883]],[[96.24323,46.35634],[96.2475,46.35885]],[[96.23116,46.35883],[96.23182,46.35826]],[[96.23884,46.35877],[96.23444,46.35609]],[[96.23182,46.35826],[96.23272,46.35751]],[[96.23272,46.35751],[96.23331,46.35701]],[[96.23331,46.35701],[96.23376,46.35665]],[[96.23376,46.35665],[96.23444,46.35609]],[[96.24293,46.35616],[96.24323,46.35634]],[[96.23831,46.35345],[96.24293,46.35616]],[[96.23444,46.35609],[96.23499,46.3557]],[[96.23444,46.35609],[96.23421,46.35595]],[[96.23499,46.3557],[96.23538,46.35542]],[[96.23538,46.35542],[96.23591,46.35505]],[[96.23591,46.35505],[96.23652,46.35461]],[[96.23652,46.35461],[96.23719,46.35414]],[[96.23719,46.35414],[96.23761,46.35384]],[[96.23761,46.35384],[96.23823,46.35341]],[[96.23823,46.35341],[96.23831,46.35345]]]}},{"type":"Feature","properties":{"roadtype":"Улсын чанартай авто зам","soum":"Дарви","soumCode":8216,"lengthKm":35.9},"geometry":{"type":"MultiLineString","coordinates":[[[94.57837,46.73041],[94.52748,46.73615],[94.51451,46.74001],[94.47674,46.76175],[94.41231,46.78375],[94.27794,46.84641]],[[94.69459,46.71539],[94.64576,46.71402],[94.57837,46.73041]]]}},{"type":"Feature","properties":{"roadtype":"Улсын чанартай авто зам","soum":"Дэлгэр","soumCode":8219,"lengthKm":120},"geometry":{"type":"MultiLineString","coordinates":[[[96.74004,46.39137],[96.89939,46.37514],[96.92874,46.36901],[96.96453,46.36871],[96.98105,46.36251]],[[96.98105,46.36251],[97.00849,46.35117],[97.09413,46.34376],[97.13024,46.34292]],[[97.13024,46.34292],[97.19443,46.34151],[97.3109,46.33137]],[[97.3109,46.33137],[97.34927,46.31987]],[[97.34927,46.31987],[97.40271,46.29632],[97.42218,46.28433]],[[97.42218,46.28433],[97.58624,46.18532],[97.63453,46.16848]],[[97.64268,46.16873],[97.66037,46.17625],[97.6705,46.17749],[97.7065,46.17063],[97.73227,46.15867],[97.76092,46.15003],[97.78616,46.13927],[97.81538,46.13353],[97.84275,46.11899],[97.85336,46.10714],[97.87585,46.09364],[97.90009,46.0933],[97.95629,46.08256],[97.99367,46.09004],[98.02836,46.07961],[98.06145,46.07324],[98.08532,46.07382],[98.09514,46.07163],[98.12017,46.07395],[98.13662,46.06663],[98.1482,46.06754]],[[97.63453,46.16848],[97.64268,46.16873]]]}},{"type":"Feature","properties":{"roadtype":"Улсын чанартай авто зам","soum":"Тайшир","soumCode":8225,"lengthKm":95.9},"geometry":{"type":"MultiLineString","coordinates":[[[96.60722,46.92735],[96.60597,46.89463]],[[96.60597,46.89463],[96.60175,46.80883],[96.59592,46.78215],[96.59015,46.77097],[96.56995,46.75659],[96.55127,46.73558],[96.55395,46.71781],[96.55238,46.71498]],[[96.55238,46.71498],[96.55071,46.71343]],[[96.55071,46.71343],[96.54703,46.70919]],[[96.52885,46.7124],[96.52826,46.71274]],[[96.52826,46.71274],[96.52784,46.71234]],[[96.52971,46.7119],[96.52885,46.7124]],[[96.52784,46.71234],[96.52725,46.71169]],[[96.52993,46.71178],[96.52971,46.7119]],[[96.53016,46.71157],[96.52993,46.71178]],[[96.52725,46.71169],[96.52688,46.71115]],[[96.53041,46.71139],[96.53016,46.71157]],[[96.53173,46.71119],[96.53072,46.7114]],[[96.53072,46.7114],[96.53041,46.71139]],[[96.5335,46.71056],[96.53173,46.71119]],[[96.52688,46.71115],[96.52607,46.70685]],[[96.54703,46.70919],[96.5335,46.71056]],[[96.52607,46.70685],[96.51023,46.67371]],[[96.51023,46.67371],[96.50808,46.63178],[96.50214,46.60953],[96.48903,46.59672],[96.46934,46.58407],[96.46044,46.56694],[96.44742,46.55672],[96.44621,46.54968],[96.41642,46.5296]],[[96.41642,46.5296],[96.39996,46.51666],[96.40022,46.5112],[96.36755,46.48254]],[[96.36755,46.48254],[96.34247,46.46306],[96.33418,46.44702],[96.33689,46.43855],[96.32787,46.42571]],[[96.34362,46.41021],[96.37016,46.40282]],[[96.37016,46.40282],[96.42178,46.38857],[96.4818,46.39096],[96.51089,46.38813],[96.63043,46.39649],[96.68924,46.39524]],[[96.68924,46.39524],[96.73415,46.3918]],[[96.73415,46.3918],[96.74004,46.39137]]]}},{"type":"Feature","properties":{"roadtype":"Улсын чанартай авто зам","soum":"Шарга","soumCode":8249,"lengthKm":147.1},"geometry":{"type":"MultiLineString","coordinates":[[[95.06455,46.66588],[94.99695,46.67054],[94.97447,46.67491],[94.94328,46.6862],[94.89319,46.69632],[94.83336,46.70475],[94.74032,46.71681],[94.69459,46.71539]],[[95.19744,46.66167],[95.06455,46.66588]],[[95.64397,46.36957],[95.54236,46.37379],[95.49942,46.38142],[95.47857,46.38925],[95.46787,46.40369],[95.44833,46.42324],[95.34068,46.50724],[95.33394,46.51474],[95.324,46.51985],[95.31623,46.53467],[95.28385,46.57455],[95.24848,46.62727],[95.19744,46.66167]],[[95.83253,46.36545],[95.64397,46.36957]],[[95.64397,46.36957],[95.61902,46.35515],[95.61228,46.34852],[95.57361,46.32344],[95.55481,46.31809],[95.53988,46.31717],[95.51955,46.30577],[95.37334,46.28355]],[[95.37334,46.28355],[95.3656,46.28492],[95.31263,46.28128],[95.27468,46.26963]],[[95.27468,46.26963],[95.27424,46.26941]],[[95.27424,46.26941],[95.27126,46.26793]],[[95.27126,46.26793],[95.27203,46.26736]],[[95.27203,46.26736],[95.27235,46.26688]],[[95.27235,46.26688],[95.27271,46.26643]],[[95.27271,46.26643],[95.27348,46.26599]],[[95.27348,46.26599],[95.27541,46.26533]],[[95.27541,46.26533],[95.27562,46.26471]],[[95.27562,46.26471],[95.27569,46.26413]],[[95.27569,46.26413],[95.27554,46.26242]],[[95.27554,46.26242],[95.28204,46.25194],[95.28868,46.24628],[95.29261,46.23593],[95.29315,46.22631]],[[95.29315,46.22631],[95.29151,46.22028],[95.27714,46.20418]],[[95.27714,46.20418],[95.27195,46.20087]],[[95.27195,46.20087],[95.25564,46.18831]]]}},{"type":"Feature","properties":{"roadtype":"Улсын чанартай авто зам","soum":"Төгрөг","soumCode":8231,"lengthKm":82.9},"geometry":{"type":"MultiLineString","coordinates":[[[95.25564,46.18831],[95.22376,46.16544],[95.21289,46.15452],[95.20449,46.15238],[95.18504,46.13289],[95.16849,46.10913],[95.16998,46.0963],[95.16731,46.09064],[95.16952,46.08683],[95.16687,46.07398],[95.11769,46.05849],[95.10863,46.04456],[95.07821,46.02563],[95.04505,46.01202],[95.01188,45.98123],[94.96905,45.95612],[94.95695,45.94648],[94.93753,45.93663],[94.85665,45.88272]],[[94.85665,45.88272],[94.81375,45.86382],[94.78184,45.8547],[94.75524,45.83901]],[[94.75524,45.83901],[94.74688,45.83354],[94.74286,45.82687],[94.72789,45.82007]],[[94.72789,45.82007],[94.71295,45.80415],[94.706,45.80205],[94.70482,45.79629],[94.69401,45.78996],[94.68709,45.77082],[94.69161,45.76215],[94.68876,45.75693],[94.68774,45.74408],[94.68089,45.73607],[94.67679,45.73518],[94.67842,45.73364],[94.67657,45.73076],[94.66915,45.72582],[94.66587,45.71527],[94.65869,45.71068],[94.6354,45.70391],[94.61539,45.69115],[94.59881,45.68443],[94.58864,45.67561]]]}},{"type":"Feature","properties":{"roadtype":"Улсын чанартай авто зам","soum":"Алтай","soumCode":8204,"lengthKm":4.7},"geometry":{"type":"LineString","coordinates":[[94.50168,44.91131],[94.49583,44.90148],[94.48407,44.88906],[94.46751,44.87789]]}},{"type":"Feature","properties":{"roadtype":"Улсын чанартай авто зам","soum":"Бугат","soumCode":8213,"lengthKm":146.2},"geometry":{"type":"MultiLineString","coordinates":[[[94.58864,45.67561],[94.58499,45.67136],[94.54776,45.64884],[94.53336,45.63532],[94.52877,45.6279],[94.51836,45.6217]],[[94.51836,45.6217],[94.50781,45.61154],[94.50592,45.60568],[94.4985,45.59714]],[[94.4985,45.59714],[94.4913,45.58629],[94.49818,45.57716],[94.49328,45.5724],[94.49453,45.57095],[94.56625,45.56208],[94.57012,45.55882],[94.57076,45.55393],[94.58682,45.5487],[94.60078,45.53582],[94.60433,45.52926],[94.61337,45.52802],[94.62368,45.51998],[94.62326,45.51205],[94.61858,45.5021],[94.62004,45.49535],[94.63722,45.46087]],[[94.63722,45.46087],[94.6544,45.4326],[94.64942,45.42357],[94.65346,45.40801],[94.67434,45.377],[94.65112,45.36325],[94.62505,45.3556],[94.61272,45.34612],[94.60341,45.34266],[94.60434,45.34059],[94.60064,45.33898],[94.60186,45.33564],[94.59831,45.32086],[94.58584,45.30053],[94.58506,45.28288],[94.59527,45.23129],[94.59471,45.19433],[94.60446,45.16129],[94.59892,45.15138],[94.59196,45.14536],[94.61625,45.1047]],[[94.61625,45.1047],[94.5827,45.08757],[94.54226,45.05472],[94.53524,45.04603]],[[94.53524,45.04603],[94.54043,45.03436],[94.53892,45.02498],[94.54188,45.02229],[94.54033,45.01842],[94.54329,45.01401],[94.54333,45.00817],[94.55686,44.98934],[94.54867,44.98149],[94.54951,44.97571],[94.53652,44.97348],[94.53881,44.97072],[94.53904,44.96186],[94.5442,44.95239],[94.52068,44.95191],[94.52082,44.9406]],[[94.52082,44.9406],[94.50168,44.91131]],[[94.46751,44.87789],[94.39345,44.83818],[94.36654,44.82134],[94.32547,44.80488],[94.30092,44.78889],[94.29117,44.77483],[94.29161,44.76656],[94.26478,44.73951]],[[94.26478,44.73951],[94.26407,44.73935]],[[94.26407,44.73935],[94.19864,44.72177],[94.17984,44.71148],[94.13743,44.71984],[94.11364,44.71548],[94.10241,44.71005]]]}},{"type":"Feature","properties":{"roadtype":"Улсын чанартай авто зам","soum":"Есөнбулаг","soumCode":8201,"lengthKm":45.6},"geometry":{"type":"MultiLineString","coordinates":[[[96.32787,46.42571],[96.31801,46.41166]],[[96.31801,46.41166],[96.32169,46.41222]],[[96.32169,46.41222],[96.34362,46.41021]],[[96.31801,46.41166],[96.31578,46.41002]],[[96.31578,46.41002],[96.30701,46.40423]],[[96.1331,46.40008],[96.10521,46.39465],[96.08717,46.4042],[96.07972,46.40445],[96.06195,46.39353],[96.01809,46.37587]],[[96.30701,46.40423],[96.2857,46.3979]],[[96.22303,46.38134],[96.16,46.39696],[96.1331,46.40008]],[[96.2857,46.3979],[96.27807,46.39153],[96.27737,46.38745]],[[96.27737,46.38745],[96.27728,46.38678]],[[96.27728,46.38678],[96.27725,46.38655]],[[96.27725,46.38655],[96.27713,46.38601]],[[96.27713,46.38601],[96.2766,46.38536]],[[96.2766,46.38536],[96.27598,46.38495]],[[96.27598,46.38495],[96.27349,46.38342]],[[96.27349,46.38342],[96.27281,46.383]],[[96.27281,46.383],[96.27254,46.38283]],[[96.27254,46.38283],[96.27166,46.38228]],[[96.27166,46.38228],[96.27115,46.38197]],[[96.27115,46.38197],[96.2697,46.38106]],[[96.2348,46.37864],[96.22303,46.38134]],[[96.2697,46.38106],[96.26511,46.37833]],[[96.23576,46.37842],[96.2348,46.37864]],[[96.23653,46.37825],[96.23576,46.37842]],[[96.26511,46.37833],[96.26495,46.37818]],[[96.23741,46.37805],[96.23653,46.37825]],[[96.26495,46.37818],[96.26453,46.37778]],[[96.23952,46.37729],[96.23741,46.37805]],[[96.26453,46.37778],[96.26392,46.3772]],[[96.23963,46.37721],[96.23952,46.37729]],[[96.24013,46.37693],[96.23963,46.37721]],[[96.26392,46.3772],[96.26331,46.37664]],[[96.24029,46.37686],[96.24013,46.37693]],[[96.24078,46.37673],[96.24029,46.37686]],[[96.24176,46.37654],[96.24078,46.37673]],[[96.26331,46.37664],[96.25974,46.37566]],[[96.24484,46.37593],[96.24176,46.37654]],[[96.24556,46.3758],[96.24484,46.37593]],[[96.01809,46.37587],[96.00569,46.37149]],[[96.24885,46.37512],[96.24556,46.3758]],[[96.25974,46.37566],[96.25885,46.37547]],[[96.25885,46.37547],[96.25835,46.37536]],[[96.25835,46.37536],[96.25635,46.37491]],[[96.24953,46.37494],[96.24885,46.37512]],[[96.24957,46.37493],[96.24953,46.37494]],[[96.25031,46.37472],[96.24957,46.37493]],[[96.25635,46.37491],[96.25537,46.37469]],[[96.25039,46.3747],[96.25031,46.37472]],[[96.25107,46.3745],[96.25039,46.3747]],[[96.25537,46.37469],[96.25356,46.37427]],[[96.25142,46.3744],[96.25107,46.3745]],[[96.2525,46.37409],[96.25142,46.3744]],[[96.25332,46.37405],[96.25356,46.37427]],[[96.25356,46.37427],[96.25313,46.37414]],[[96.25332,46.37405],[96.25313,46.37414]],[[96.25313,46.37414],[96.25309,46.37413]],[[96.25309,46.37413],[96.25302,46.37395]],[[96.25309,46.37413],[96.2525,46.37409]],[[96.2525,46.37409],[96.25302,46.37395]],[[96.2533,46.37395],[96.25332,46.37405]],[[96.25306,46.37392],[96.2533,46.37395]],[[96.25302,46.37395],[96.25306,46.37392]],[[96.00569,46.37149],[96.00234,46.37089]],[[96.00234,46.37089],[95.896,46.36123],[95.8682,46.36194]],[[95.8682,46.36194],[95.83253,46.36545]]]}},{"type":"Feature","properties":{"roadtype":"Гол хөрсөн зам","soum":"Дарви","soumCode":8216,"lengthKm":112.1},"geometry":{"type":"MultiLineString","coordinates":[[[94.10893,46.46046],[94.12725,46.4598],[94.15568,46.49665],[94.17989,46.51169],[94.184,46.51902],[94.18013,46.52185],[94.18665,46.53431],[94.23046,46.55186],[94.22229,46.56751],[94.2278,46.57477],[94.23843,46.57885],[94.25286,46.57797],[94.27187,46.58537],[94.28834,46.58711],[94.29295,46.59777],[94.32457,46.59929],[94.33742,46.60745],[94.37278,46.61233],[94.39578,46.61209],[94.41295,46.61525],[94.41829,46.61381],[94.4549,46.61704],[94.48032,46.62844],[94.50401,46.63549],[94.52656,46.65146],[94.54086,46.67753],[94.53588,46.68187],[94.54748,46.69193],[94.57837,46.73041]],[[93.90352,46.69329],[93.93561,46.66397],[93.94523,46.65007],[93.96521,46.63042],[93.97509,46.62308],[93.98453,46.60914],[93.98817,46.59597],[94.01389,46.5576],[94.0252,46.54676],[94.03478,46.52866],[94.05595,46.51097],[94.07255,46.50335],[94.08442,46.49151],[94.08866,46.47764]],[[94.08866,46.47764],[94.09721,46.47414]],[[94.08866,46.47764],[94.09044,46.4749]],[[94.09044,46.4749],[94.09717,46.46617]],[[94.09721,46.47414],[94.09884,46.47205]],[[94.09884,46.47205],[94.09928,46.47173]],[[94.09928,46.47173],[94.09984,46.47147]],[[94.09984,46.47147],[94.1002,46.47121]],[[94.1002,46.47121],[94.10067,46.47087]],[[94.10067,46.47087],[94.10104,46.47053]],[[94.10104,46.47053],[94.10125,46.47034]],[[94.10125,46.47034],[94.10169,46.46991]],[[94.10169,46.46991],[94.10194,46.46965]],[[94.10194,46.46965],[94.10215,46.46945]],[[94.10215,46.46945],[94.10247,46.46914]],[[94.10247,46.46914],[94.10274,46.46889]],[[94.10274,46.46889],[94.10296,46.4686]],[[94.10296,46.4686],[94.10326,46.46826]],[[94.10326,46.46826],[94.1035,46.46804]],[[94.1035,46.46804],[94.10365,46.46777]],[[94.10365,46.46777],[94.10381,46.46747]],[[94.10381,46.46747],[94.10307,46.46548]],[[94.09717,46.46617],[94.09766,46.466]],[[94.09766,46.466],[94.09808,46.46578]],[[94.09808,46.46578],[94.09835,46.46525]],[[94.10307,46.46548],[94.10109,46.46477]],[[94.09835,46.46525],[94.09872,46.46508]],[[94.09872,46.46508],[94.0991,46.46502]],[[94.1,46.46505],[94.10041,46.465]],[[94.09959,46.46502],[94.1,46.46505]],[[94.0991,46.46502],[94.09959,46.46502]],[[94.10041,46.465],[94.10084,46.46487]],[[94.10084,46.46487],[94.10109,46.46477]],[[94.10109,46.46477],[94.10119,46.4646]],[[94.10119,46.4646],[94.10141,46.46437]],[[94.10141,46.46437],[94.10172,46.46434]],[[94.10172,46.46434],[94.10256,46.46409]],[[94.10256,46.46409],[94.1033,46.46373]],[[94.1033,46.46373],[94.10353,46.46363]],[[94.10353,46.46363],[94.10334,46.4628]],[[94.10334,46.4628],[94.1035,46.46221]],[[94.1035,46.46221],[94.10335,46.46083]],[[94.10335,46.46083],[94.10893,46.46046]],[[94.10182,46.45777],[94.10335,46.46083]],[[94.10272,46.45391],[94.10182,46.45777]],[[94.07342,46.35699],[94.07728,46.36829],[94.08516,46.37884],[94.08374,46.40423],[94.0887,46.42608],[94.09204,46.43003],[94.08992,46.4324],[94.10595,46.44411],[94.10272,46.45391]],[[94.49193,46.14717],[94.41525,46.16617],[94.39816,46.17237],[94.36803,46.17509]]]}},{"type":"Feature","properties":{"roadtype":"Гол хөрсөн зам","soum":"Баян Уул","soumCode":8207,"lengthKm":91.9},"geometry":{"type":"MultiLineString","coordinates":[[[94.4104,47.02381],[94.43294,47.00406],[94.45023,46.98492],[94.45302,46.97658],[94.46163,46.96417],[94.46221,46.95152],[94.4679,46.93299],[94.47352,46.9283],[94.47921,46.92632],[94.50367,46.93108],[94.51708,46.93102],[94.56485,46.91481],[94.60893,46.88973],[94.63076,46.86925],[94.66655,46.86123],[94.71094,46.84035],[94.75138,46.80382],[94.7677,46.79269],[94.82298,46.77115],[94.85494,46.76607],[94.87748,46.75885],[94.89576,46.7572],[94.92754,46.74391],[94.98385,46.72886],[94.99291,46.71951]],[[95.19646,46.99491],[95.19715,46.99423]],[[95.19533,46.99455],[95.19646,46.99491]],[[95.19512,46.9942],[95.19533,46.99455]],[[95.19715,46.99423],[95.19764,46.99351]],[[95.19505,46.99339],[95.19512,46.9942]],[[95.19764,46.99351],[95.19839,46.99307]],[[95.19431,46.99221],[95.19505,46.99339]],[[95.19839,46.99307],[95.19906,46.99255]],[[95.19906,46.99255],[95.19643,46.99198]],[[95.19643,46.99198],[95.19431,46.99221]],[[95.19431,46.99221],[95.17586,46.96392],[95.15513,46.94275],[95.15052,46.92254],[95.13379,46.90783],[95.11831,46.88676],[95.12266,46.87408],[95.13013,46.86419],[95.13118,46.85709],[95.11901,46.83251],[95.11174,46.82381],[95.11107,46.82028],[95.11422,46.81617],[95.10635,46.80891],[95.10871,46.792],[95.10294,46.78451],[95.11313,46.7731],[95.1324,46.76237],[95.13701,46.7537]]]}},{"type":"Feature","properties":{"roadtype":"Гол хөрсөн зам","soum":"Тонхил","soumCode":8228,"lengthKm":139.1},"geometry":{"type":"MultiLineString","coordinates":[[[93.90954,46.30567],[93.92003,46.29726],[93.93467,46.27633],[93.93811,46.27479],[93.94562,46.29623],[93.94707,46.31612],[93.95026,46.32137],[93.95875,46.32275],[93.97795,46.31934],[94.02596,46.3282],[94.04735,46.33835],[94.07342,46.35699]],[[93.90769,46.30808],[93.90814,46.30808]],[[93.90587,46.30757],[93.90733,46.30808]],[[93.90814,46.30808],[93.90905,46.30675]],[[93.90583,46.30694],[93.90587,46.30757]],[[93.90583,46.3067],[93.90583,46.30694]],[[93.90905,46.30675],[93.90915,46.30642]],[[93.90508,46.30593],[93.90583,46.3067]],[[93.90915,46.30642],[93.9093,46.3057]],[[93.90474,46.30555],[93.90508,46.30593]],[[93.9093,46.3057],[93.90954,46.30567]],[[93.93552,46.22961],[93.91783,46.27276],[93.9093,46.3057]],[[93.90406,46.30469],[93.90474,46.30555]],[[93.9036,46.30424],[93.90406,46.30469]],[[93.9032,46.30389],[93.9036,46.30424]],[[93.8711,46.24249],[93.88045,46.25075],[93.89032,46.26739],[93.8943,46.2928],[93.9032,46.30389]],[[93.57833,46.28272],[93.62328,46.26676]],[[93.62328,46.26676],[93.64893,46.25582],[93.78075,46.23249],[93.80768,46.23305],[93.83268,46.22925],[93.84097,46.23379],[93.8711,46.24249]],[[94.14703,46.17184],[94.11431,46.17539],[94.08969,46.17521],[94.07307,46.17844],[94.05652,46.17543],[94.02922,46.1807],[94.00296,46.19349],[93.97455,46.19643],[93.9633,46.20023],[93.9456,46.21571],[93.93552,46.22961]],[[94.34389,46.18083],[94.32746,46.18402],[94.23533,46.17433],[94.14703,46.17184]],[[94.36803,46.17509],[94.34389,46.18083]],[[93.20968,45.78525],[93.23529,45.77063],[93.24635,45.75778],[93.26273,45.74433],[93.29196,45.73386],[93.31068,45.71378],[93.32855,45.7022],[93.32649,45.69436],[93.33642,45.6911],[93.35633,45.67323],[93.3919,45.68148],[93.40149,45.68083],[93.44235,45.65109],[93.47479,45.63349],[93.55259,45.61035],[93.58835,45.59036],[93.59719,45.58795]]]}},{"type":"Feature","properties":{"roadtype":"Гол хөрсөн зам","soum":"Жаргалан","soumCode":8222,"lengthKm":91.8},"geometry":{"type":"MultiLineString","coordinates":[[[95.92682,46.97738],[95.92675,46.97846]],[[95.92968,46.97782],[95.92913,46.97691]],[[95.92677,46.97715],[95.92682,46.97738]],[[95.92697,46.97674],[95.92677,46.97715]],[[95.92913,46.97691],[95.92697,46.97674]],[[95.92726,46.97533],[95.92697,46.97674]],[[95.92892,46.9746],[95.92726,46.97533]],[[95.92854,46.97225],[95.92726,46.97533]],[[95.93233,46.97296],[95.92892,46.9746]],[[95.93302,46.97284],[95.93233,46.97296]],[[95.93356,46.97271],[95.93302,46.97284]],[[95.93406,46.97243],[95.93356,46.97271]],[[95.93626,46.97089],[95.93406,46.97243]],[[95.93873,46.9507],[95.93085,46.95987],[95.92854,46.97225]],[[95.9496,46.95297],[95.93626,46.97089]],[[95.99596,46.93734],[95.95632,46.9476],[95.9496,46.95297]],[[96.00242,46.93167],[95.98135,46.93555],[95.9559,46.94646],[95.93873,46.9507]],[[96.00242,46.93167],[95.99596,46.93734]],[[96.00677,46.92999],[96.00242,46.93167]],[[96.01308,46.92914],[96.00677,46.92999]],[[95.99559,46.84202],[95.99733,46.86105],[96.00743,46.87418],[96.01563,46.89287],[96.01542,46.90417],[96.00677,46.92999]],[[96.04891,46.91557],[96.01308,46.92914]],[[96.11811,46.89977],[96.09003,46.90012],[96.04891,46.91557]],[[96.08342,46.88037],[96.06298,46.90544],[96.04891,46.91557]],[[96.14059,46.89486],[96.11811,46.89977]],[[96.18942,46.88194],[96.14059,46.89486]],[[96.22447,46.87139],[96.18942,46.88194]],[[96.08834,46.87154],[96.08342,46.88037]],[[96.1785,46.7997],[96.16769,46.82204],[96.16012,46.82928],[96.14773,46.83298],[96.13754,46.84144],[96.12895,46.84254],[96.10813,46.86122],[96.09101,46.8667],[96.08834,46.87154]],[[96.27211,46.85187],[96.25964,46.85798],[96.2532,46.85565],[96.24822,46.85664],[96.23402,46.86929],[96.22447,46.87139]],[[96.29335,46.84718],[96.28661,46.84682],[96.27275,46.85116]],[[96.34113,46.83868],[96.29335,46.84718]],[[95.9986,46.82256],[95.99559,46.84202]],[[96.00436,46.82076],[95.99875,46.82239]],[[96.02,46.80058],[96.00595,46.81296],[96.00436,46.82076]],[[96.08427,46.73823],[96.07864,46.74159],[96.07539,46.75227],[96.05782,46.76558],[96.04462,46.78138],[96.02777,46.79145],[96.02625,46.79578],[96.02017,46.80043]],[[96.18143,46.79972],[96.1785,46.7997]],[[96.2206,46.79019],[96.19883,46.79881],[96.18143,46.79972]]]}},{"type":"Feature","properties":{"roadtype":"Гол хөрсөн зам","soum":"Эрдэнэ","soumCode":8252,"lengthKm":193},"geometry":{"type":"MultiLineString","coordinates":[[[97.80619,45.25452],[97.79774,45.24889],[97.79599,45.24113],[97.78938,45.23382],[97.78773,45.2259],[97.77254,45.20043],[97.76063,45.18587],[97.75164,45.17885],[97.70881,45.16318]],[[97.70881,45.16318],[97.70872,45.16214]],[[97.70872,45.16214],[97.70881,45.1615]],[[97.70881,45.1615],[97.70881,45.16136]],[[97.70881,45.16136],[97.70894,45.16059]],[[97.70894,45.16059],[97.70646,45.16054]],[[97.70646,45.16054],[97.70569,45.16043]],[[97.70569,45.16043],[97.70436,45.16028]],[[97.70436,45.16028],[97.70454,45.1599]],[[97.70454,45.1599],[97.70464,45.1595]],[[97.70464,45.1595],[97.70472,45.15917]],[[97.70472,45.15917],[97.70481,45.15882]],[[97.70481,45.15882],[97.70491,45.15846]],[[97.70491,45.15846],[97.70494,45.15834]],[[97.70494,45.15834],[97.705,45.1581]],[[97.705,45.1581],[97.70503,45.15798]],[[97.70503,45.15798],[97.70509,45.15776]],[[97.70509,45.15776],[97.70512,45.15764]],[[97.70512,45.15764],[97.7052,45.15739]],[[97.7052,45.15739],[97.70531,45.15704]],[[97.70531,45.15704],[97.70531,45.15702]],[[97.70531,45.15702],[97.70536,45.15669]],[[97.70536,45.15669],[97.70548,45.15617]],[[97.70548,45.15617],[97.70553,45.15579]],[[97.70553,45.15579],[97.70565,45.15542]],[[97.70565,45.15542],[97.70586,45.15499]],[[97.70586,45.15499],[97.70648,45.15383]],[[97.70648,45.15383],[97.70938,45.14938]],[[97.70938,45.14938],[97.71351,45.13665],[97.72421,45.12157],[97.73394,45.0987],[97.76239,45.07793],[97.77453,45.06119],[97.78113,45.0418],[97.79362,45.01873],[97.79225,45.00488],[97.79835,44.99618],[97.79902,44.97018],[97.79251,44.9488],[97.79185,44.93161],[97.78406,44.9189],[97.765,44.90747],[97.74575,44.90371],[97.74331,44.90171],[97.74355,44.89735],[97.73956,44.89479],[97.70769,44.88525],[97.70463,44.88279],[97.70686,44.87825],[97.70177,44.87505],[97.70326,44.87222],[97.69957,44.86231],[97.69285,44.86111],[97.67716,44.86529],[97.67301,44.8605],[97.67263,44.85509],[97.66194,44.85072],[97.65616,44.84514]],[[97.16099,44.85327],[97.14973,44.85987],[97.03339,44.8616]],[[97.28115,44.82303],[97.21126,44.84341],[97.16099,44.85327]],[[97.65616,44.84514],[97.6267,44.82886],[97.54672,44.82137],[97.5264,44.81744],[97.48779,44.81885],[97.47139,44.8159],[97.45974,44.81742],[97.44966,44.81422]],[[97.31076,44.81556],[97.29273,44.81833],[97.28115,44.82303]],[[97.33098,44.81366],[97.32027,44.82208],[97.31076,44.81556]],[[97.37297,44.80687],[97.35372,44.80948],[97.3474,44.81435],[97.33838,44.8122],[97.33098,44.81366]],[[97.44966,44.81422],[97.4312,44.80993],[97.37297,44.80687]],[[97.37297,44.80687],[97.37851,44.79999],[97.39787,44.7897],[97.45088,44.77595],[97.54445,44.74328]],[[97.54445,44.74328],[97.59996,44.71522],[97.61411,44.71053],[97.68827,44.71047],[97.71944,44.70704],[97.81192,44.67815],[97.83065,44.6686],[97.85082,44.66704],[97.91432,44.65234],[97.96828,44.64506],[97.98073,44.63891],[98.00341,44.63554],[98.02188,44.62592],[98.03602,44.62452],[98.06152,44.62796],[98.10108,44.63862],[98.12417,44.64213],[98.12906,44.64815],[98.14473,44.64949],[98.15732,44.66035],[98.17125,44.65826],[98.18968,44.67378],[98.23833,44.69816],[98.26015,44.71461]]]}},{"type":"Feature","properties":{"roadtype":"Гол хөрсөн зам","soum":"Цогт","soumCode":8240,"lengthKm":72},"geometry":{"type":"MultiLineString","coordinates":[[[96.75428,44.92411],[96.7537,44.92457]],[[96.7537,44.92457],[96.75149,44.92446]],[[96.75149,44.92446],[96.74944,44.9241]],[[96.75524,44.92372],[96.75428,44.92411]],[[96.74944,44.9241],[96.74929,44.92405]],[[96.74929,44.92405],[96.72892,44.9183]],[[96.75955,44.92394],[96.75914,44.92402]],[[96.75914,44.92402],[96.75777,44.92367]],[[96.76599,44.92201],[96.75955,44.92394]],[[96.75728,44.9235],[96.75524,44.92372]],[[96.75777,44.92367],[96.75728,44.9235]],[[96.82874,44.88302],[96.82968,44.88549],[96.79876,44.90735],[96.78405,44.91648],[96.76599,44.92201]],[[96.72892,44.9183],[96.70243,44.91307],[96.68638,44.91453],[96.66793,44.9106],[96.65085,44.9022],[96.64523,44.90237],[96.63285,44.89778],[96.62426,44.89212],[96.54133,44.86813],[96.51219,44.85702]],[[96.95528,44.86844],[96.9301,44.87276],[96.91112,44.86564],[96.85372,44.86872],[96.83418,44.87432],[96.82874,44.88302]],[[97.03339,44.8616],[96.95528,44.86844]],[[96.51219,44.85702],[96.46683,44.84119],[96.40958,44.82667],[96.39813,44.81985],[96.37535,44.80018],[96.36261,44.80088],[96.3319,44.78263],[96.30647,44.77541],[96.25996,44.75258],[96.24949,44.74952]]]}},{"type":"Feature","properties":{"roadtype":"Гол хөрсөн зам","soum":"Дэлгэр","soumCode":8219,"lengthKm":172.4},"geometry":{"type":"MultiLineString","coordinates":[[[97.37276,46.58357],[97.44344,46.59148],[97.47354,46.5889],[97.57347,46.5878],[97.59355,46.57865]],[[97.28922,46.57042],[97.30556,46.57129],[97.33999,46.57966],[97.37276,46.58357]],[[97.59355,46.57865],[97.61273,46.57645],[97.64507,46.58041]],[[97.23911,46.57477],[97.28,46.57003]],[[97.28833,46.57041],[97.28922,46.57042]],[[97.28735,46.57038],[97.28833,46.57041]],[[97.28068,46.57018],[97.28735,46.57038]],[[97.28047,46.57011],[97.28026,46.56995]],[[97.28,46.57003],[97.28047,46.57011]],[[97.28026,46.56995],[97.27474,46.5652]],[[97.17841,46.56773],[97.18956,46.56918]],[[96.95254,46.56854],[96.98743,46.56435],[97.01684,46.56699],[97.03897,46.56503],[97.05166,46.56675],[97.06836,46.56521],[97.08595,46.55943],[97.10381,46.55911]],[[97.10381,46.55911],[97.14287,46.56168],[97.17841,46.56773]],[[97.27474,46.5652],[97.24797,46.56206],[97.21893,46.55424],[97.19234,46.53845],[97.16971,46.53013],[97.14496,46.52463],[97.13133,46.5163]],[[97.27474,46.5652],[97.26273,46.54412],[97.26221,46.53846],[97.27303,46.49215],[97.32432,46.42508],[97.3293,46.41636],[97.33187,46.4044]],[[97.13133,46.5163],[97.13316,46.50432],[97.1304,46.49655]],[[97.13133,46.5163],[97.11944,46.50862],[97.10918,46.50656]],[[97.10918,46.50656],[97.06309,46.5017],[97.04747,46.49591],[97.03709,46.48829],[97.01134,46.47576]],[[97.1304,46.49655],[97.10444,46.47912]],[[97.10444,46.47912],[97.09774,46.47595],[97.07634,46.47696]],[[97.07634,46.47696],[97.04658,46.47837],[97.01134,46.47576]],[[97.01134,46.47576],[96.9551,46.44762]],[[96.9551,46.44762],[96.93525,46.44044],[96.91647,46.42777],[96.90143,46.42438],[96.87577,46.42711],[96.85308,46.42643],[96.80696,46.39311],[96.78037,46.39904],[96.76826,46.39941],[96.74019,46.39474]],[[97.33187,46.4044],[97.32581,46.39292],[97.32662,46.38564],[97.33893,46.37818],[97.35239,46.36154],[97.36374,46.35444]],[[97.36374,46.35444],[97.3641,46.3542]],[[97.3641,46.3542],[97.36443,46.35398]],[[97.36443,46.35398],[97.36497,46.35365]],[[97.36497,46.35365],[97.36543,46.35336]],[[97.36543,46.35336],[97.36585,46.35308]],[[97.36585,46.35308],[97.36615,46.35291]],[[97.36615,46.35291],[97.3663,46.35281]],[[97.3663,46.35281],[97.3667,46.35263]],[[97.3667,46.35263],[97.36723,46.3523]],[[97.36723,46.3523],[97.36718,46.35182]],[[97.36718,46.35182],[97.36738,46.3513]],[[97.36738,46.3513],[97.36223,46.34021]],[[97.36223,46.34021],[97.34927,46.31987]],[[98.18602,45.74762],[98.25854,45.74598],[98.32948,45.74914],[98.40137,45.74299]],[[98.03756,45.72791],[98.1203,45.74149],[98.13409,45.74614],[98.18602,45.74762]],[[98.0196,45.72487],[98.03756,45.72791]]]}},{"type":"Feature","properties":{"roadtype":"Гол хөрсөн зам","soum":"Хөхморьт","soumCode":8237,"lengthKm":39},"geometry":{"type":"MultiLineString","coordinates":[[[93.66626,47.48036],[93.68798,47.47278],[93.68944,47.46425]],[[93.78353,47.35939],[93.80764,47.34811],[93.81023,47.34496]],[[94.05421,47.18977],[94.06092,47.18464],[94.18309,47.15164],[94.29733,47.10545],[94.33039,47.07737],[94.38866,47.04372],[94.40362,47.03237],[94.4104,47.02381]]]}},{"type":"Feature","properties":{"roadtype":"Гол хөрсөн зам","soum":"Тайшир","soumCode":8225,"lengthKm":183.9},"geometry":{"type":"MultiLineString","coordinates":[[[96.69452,46.93101],[96.67541,46.92321],[96.66158,46.91401],[96.65105,46.91505],[96.63385,46.90408],[96.61259,46.90123]],[[96.61259,46.90123],[96.60597,46.89463]],[[96.41297,46.78489],[96.37884,46.79902],[96.36974,46.80671],[96.36665,46.80669],[96.36542,46.80991],[96.36835,46.81408],[96.36478,46.82006],[96.36692,46.82254],[96.36632,46.82778],[96.36995,46.83135],[96.36874,46.83316],[96.34997,46.83846],[96.34113,46.83868]],[[96.26057,46.73552],[96.21559,46.7644],[96.21288,46.76955],[96.21336,46.77501],[96.21863,46.78162],[96.2206,46.79019]],[[96.50826,46.71937],[96.44655,46.75329],[96.44283,46.75764],[96.44335,46.76186],[96.43985,46.76908],[96.4311,46.77601],[96.41297,46.78489]],[[96.24185,46.44721],[96.23562,46.46137],[96.23446,46.47699],[96.2286,46.48818],[96.2249,46.51324],[96.21726,46.52599],[96.21349,46.53923],[96.21403,46.56767],[96.21002,46.57232],[96.21317,46.57536],[96.18777,46.59546],[96.19039,46.61475],[96.18212,46.62413],[96.15766,46.63242],[96.15168,46.63841],[96.14093,46.66453],[96.1326,46.6777],[96.13451,46.69087],[96.12858,46.70426],[96.10064,46.72634],[96.09416,46.72726],[96.09135,46.7335],[96.08427,46.73823]],[[96.31589,46.6155],[96.31508,46.65355],[96.30803,46.67609],[96.30396,46.68185],[96.30801,46.68487],[96.30111,46.68894],[96.30622,46.6921],[96.30381,46.69436],[96.29675,46.69439],[96.29801,46.69887],[96.29265,46.70201],[96.2712,46.70836],[96.2705,46.71145],[96.27801,46.71895],[96.26057,46.73552]],[[96.52259,46.71629],[96.51445,46.71987],[96.50826,46.71937]],[[96.52259,46.71629],[96.52316,46.71602]],[[96.52316,46.71602],[96.52439,46.71566]],[[96.52439,46.71566],[96.52535,46.71529]],[[96.52535,46.71529],[96.52577,46.71517]],[[96.52577,46.71517],[96.52644,46.71509]],[[96.52644,46.71509],[96.52717,46.71499]],[[96.52717,46.71499],[96.52849,46.7134]],[[96.52559,46.7134],[96.52517,46.71369]],[[96.52826,46.71274],[96.52849,46.7134]],[[96.29044,46.4891],[96.28917,46.49455],[96.30019,46.52307],[96.3175,46.54186],[96.31992,46.56068],[96.31529,46.57729],[96.31398,46.59447],[96.31403,46.60259],[96.31793,46.60887],[96.31589,46.6155]],[[96.77761,46.53073],[96.80205,46.53172],[96.83964,46.54533],[96.85154,46.55183],[96.89411,46.56336],[96.91394,46.56743],[96.95254,46.56854]],[[96.6337,46.48937],[96.6709,46.5079],[96.69953,46.5175],[96.73043,46.52446],[96.77761,46.53073]],[[96.50616,46.45149],[96.54499,46.47019],[96.6337,46.48937]],[[96.2965,46.43481],[96.30486,46.44649],[96.30503,46.45306],[96.29089,46.48338],[96.29044,46.4891]],[[96.25631,46.44451],[96.25635,46.44877],[96.26079,46.45174],[96.26332,46.45851],[96.26397,46.4662],[96.27457,46.47251],[96.29044,46.4891]],[[96.49768,46.4476],[96.50616,46.45149]],[[96.3952,46.42774],[96.41474,46.43187],[96.44332,46.42982],[96.46099,46.43281],[96.49768,46.4476]],[[96.34082,46.41849],[96.3952,46.42774]],[[96.74019,46.39474],[96.73543,46.39493],[96.73415,46.3918]],[[96.3633,46.29871],[96.39038,46.27874],[96.43027,46.25629],[96.44447,46.23845],[96.44915,46.23569]]]}},{"type":"Feature","properties":{"roadtype":"Гол хөрсөн зам","soum":"Чандмань","soumCode":8246,"lengthKm":151},"geometry":{"type":"MultiLineString","coordinates":[[[98.40137,45.74299],[98.4581,45.73984]],[[97.86428,45.69489],[97.92058,45.70389],[97.9661,45.71564],[98.0196,45.72487]],[[97.62645,45.63926],[97.71758,45.6692],[97.80043,45.68131],[97.86428,45.69489]],[[97.49365,45.65241],[97.53,45.6483],[97.5571,45.64066],[97.59917,45.6401],[97.6175,45.63589],[97.62645,45.63926]],[[97.50233,45.48582],[97.53613,45.47705],[97.55774,45.475],[97.58903,45.47607],[97.64644,45.47052],[97.71012,45.44269],[97.75773,45.42576]],[[97.75773,45.42576],[97.86441,45.37909],[97.88309,45.36739],[97.91551,45.36078],[97.97482,45.34059],[97.98927,45.34013]],[[97.98927,45.34013],[97.99067,45.33899]],[[97.99067,45.33899],[97.99118,45.33873]],[[97.99118,45.33873],[97.99009,45.33715]],[[97.99829,45.33231],[98.0579,45.33103],[98.07278,45.33595],[98.15289,45.33637],[98.29527,45.28245]],[[97.99009,45.33715],[97.98924,45.33597]],[[97.9899,45.33602],[97.99023,45.33596]],[[97.98924,45.33597],[97.9899,45.33602]],[[97.99023,45.33596],[97.99048,45.33592]],[[97.99048,45.33592],[97.99103,45.33576]],[[97.99103,45.33576],[97.99157,45.33562]],[[97.99157,45.33562],[97.99214,45.33547]],[[97.99157,45.33562],[97.99108,45.33408]],[[97.99214,45.33547],[97.99265,45.33533]],[[97.99265,45.33533],[97.99323,45.33514]],[[97.99323,45.33514],[97.99379,45.33485]],[[97.99379,45.33485],[97.99433,45.33452]],[[97.99263,45.3337],[97.99379,45.33485]],[[97.99433,45.33452],[97.99467,45.33431]],[[97.99467,45.33431],[97.99498,45.33408]],[[97.99498,45.33408],[97.99549,45.3339]],[[97.99108,45.33408],[97.99163,45.33382]],[[97.99549,45.3339],[97.99568,45.3338]],[[97.99163,45.33382],[97.99263,45.3337]],[[97.99568,45.3338],[97.99598,45.33373]],[[97.99568,45.3338],[97.99451,45.33193]],[[97.99598,45.33373],[97.99649,45.3334]],[[97.99649,45.3334],[97.99829,45.33231]],[[97.99451,45.33193],[97.99384,45.33076]],[[97.99384,45.33076],[97.99999,45.29855],[97.98173,45.2821],[97.97166,45.27777],[97.9581,45.27589],[97.93537,45.2794],[97.87253,45.27299],[97.82855,45.27777],[97.81597,45.27368]],[[98.29527,45.28245],[98.33396,45.26334],[98.41785,45.23112]],[[97.81597,45.27368],[97.81607,45.25969],[97.80619,45.25452]]]}},{"type":"Feature","properties":{"roadtype":"Гол хөрсөн зам","soum":"Шарга","soumCode":8249,"lengthKm":71.5},"geometry":{"type":"MultiLineString","coordinates":[[[95.13701,46.7537],[95.1473,46.74559],[95.15261,46.73678],[95.1577,46.72341],[95.15686,46.71767],[95.16019,46.70485],[95.1705,46.68305],[95.18326,46.67038],[95.19744,46.66167]],[[94.99291,46.71951],[95.00311,46.7065],[95.03205,46.69429],[95.04303,46.68175],[95.06455,46.66588]],[[95.27195,46.20087],[95.18569,46.2018],[95.12927,46.1934],[95.11658,46.19942],[95.1116,46.19954],[95.09291,46.19393],[95.05242,46.17613],[95.00962,46.16371]],[[95.27836,46.19956],[95.29707,46.19382]],[[95.00962,46.16371],[94.99003,46.17351],[94.96487,46.19111],[94.92675,46.18699],[94.88107,46.17846],[94.75073,46.16575],[94.72354,46.15942],[94.70105,46.16091],[94.67161,46.15341]]]}},{"type":"Feature","properties":{"roadtype":"Гол хөрсөн зам","soum":"Бигэр","soumCode":8210,"lengthKm":96.7},"geometry":{"type":"MultiLineString","coordinates":[[[96.77809,45.96693],[96.7843,45.95918],[96.81143,45.94287],[96.86057,45.89933]],[[96.86057,45.89933],[96.8673,45.89345]],[[96.8673,45.89345],[96.87251,45.88858],[96.86754,45.88106],[96.87595,45.85708],[96.87707,45.85513],[96.8844,45.85473]],[[96.8844,45.85473],[96.9535,45.83126],[97.0088,45.80565]],[[97.0088,45.80565],[97.00922,45.8054]],[[97.00922,45.8054],[97.03941,45.78764],[97.04896,45.77815],[97.09232,45.74809],[97.16808,45.71139]],[[97.16808,45.71139],[97.17137,45.71025]],[[97.17137,45.71025],[97.17173,45.71012]],[[97.17594,45.7087],[97.17609,45.70862]],[[97.17609,45.70862],[97.17573,45.70839]],[[97.17573,45.70839],[97.17607,45.70758]],[[97.17607,45.70758],[97.17608,45.70751]],[[97.17608,45.70751],[97.17843,45.70694]],[[97.18004,45.70706],[97.18039,45.70706]],[[97.17961,45.70701],[97.18004,45.70706]],[[97.18039,45.70706],[97.18119,45.70699]],[[97.17926,45.707],[97.17961,45.70701]],[[97.17906,45.70698],[97.17926,45.707]],[[97.18119,45.70699],[97.18204,45.70688]],[[97.17843,45.70694],[97.17906,45.70698]],[[97.18204,45.70688],[97.20301,45.70235]],[[97.20301,45.70235],[97.2208,45.69461],[97.27511,45.68204],[97.31419,45.66474]],[[97.31419,45.66474],[97.32828,45.66209],[97.35136,45.66441],[97.38057,45.66284]],[[97.31419,45.66474],[97.32999,45.64988]],[[97.38057,45.66284],[97.43191,45.66123],[97.49365,45.65241]],[[97.32999,45.64988],[97.34189,45.63626],[97.37576,45.61152],[97.39806,45.59942]],[[97.39806,45.59942],[97.40133,45.59636]],[[97.40133,45.59636],[97.40142,45.59519]],[[97.40155,45.59508],[97.43636,45.57018],[97.46002,45.54718],[97.48601,45.53054],[97.48949,45.52181],[97.48432,45.50065],[97.48511,45.49246],[97.50233,45.48582]]]}},{"type":"Feature","properties":{"roadtype":"Гол хөрсөн зам","soum":"Төгрөг","soumCode":8231,"lengthKm":49.7},"geometry":{"type":"MultiLineString","coordinates":[[[95.29707,46.19382],[95.31131,46.18682],[95.34712,46.18213]],[[94.67161,46.15341],[94.62617,46.14996],[94.60122,46.14387],[94.58023,46.1462],[94.53927,46.14179],[94.49193,46.14717]],[[94.85665,45.88272],[94.83786,45.86676],[94.82851,45.85242],[94.81873,45.84518],[94.81823,45.84088]],[[94.81823,45.84088],[94.81548,45.83689],[94.81584,45.83154]],[[94.80513,45.82997],[94.75524,45.83901]],[[94.81584,45.83154],[94.81558,45.83083]],[[94.80805,45.83061],[94.80761,45.83087]],[[94.80761,45.83087],[94.80513,45.82997]],[[94.81558,45.83083],[94.81554,45.83048]],[[94.8085,45.83032],[94.80805,45.83061]],[[94.81554,45.83048],[94.81544,45.8296]],[[94.80892,45.82999],[94.8085,45.83032]],[[94.80935,45.82971],[94.80892,45.82999]],[[94.80974,45.82942],[94.80935,45.82971]],[[94.81544,45.8296],[94.81571,45.82804]],[[94.81018,45.82912],[94.80974,45.82942]],[[94.81058,45.82885],[94.81018,45.82912]],[[94.81103,45.82855],[94.81058,45.82885]],[[94.81143,45.82828],[94.81103,45.82855]],[[94.81188,45.82798],[94.81143,45.82828]],[[94.81571,45.82804],[94.81668,45.82766]],[[94.81242,45.82759],[94.81188,45.82798]],[[94.81668,45.82766],[94.81634,45.82683]],[[94.81387,45.82717],[94.81242,45.82759]],[[94.8159,45.82608],[94.81387,45.82717]],[[94.81634,45.82683],[94.81624,45.82645]],[[94.81624,45.82645],[94.8159,45.82608]],[[94.97412,45.37358],[94.97921,45.3804],[94.98646,45.38468],[95.04452,45.39938]],[[94.90798,45.29325],[94.94289,45.31778],[94.97289,45.35671],[94.97412,45.37358]],[[94.89574,45.28326],[94.90798,45.29325]]]}},{"type":"Feature","properties":{"roadtype":"Гол хөрсөн зам","soum":"Алтай","soumCode":8204,"lengthKm":182.2},"geometry":{"type":"MultiLineString","coordinates":[[[94.8122,45.22753],[94.85066,45.25001],[94.89574,45.28326]],[[94.67657,44.70041],[94.67206,44.70107],[94.65111,44.71407],[94.64541,44.72115],[94.64278,44.73994],[94.6313,44.7482],[94.63318,44.75845],[94.62936,44.77284],[94.63618,44.78277],[94.6244,44.80657],[94.60479,44.82449],[94.5651,44.87721],[94.56026,44.88704],[94.52575,44.91612],[94.52434,44.92029]],[[96.24949,44.74952],[96.18839,44.73411],[96.14195,44.72751]],[[96.14195,44.72751],[96.06387,44.70539],[95.97214,44.69078],[95.86499,44.61207]],[[94.89504,44.63405],[94.77757,44.66574],[94.76122,44.67405],[94.70771,44.6902],[94.68492,44.69965],[94.67657,44.70041]],[[94.91472,44.62765],[94.89504,44.63405]],[[94.91919,44.62723],[94.91472,44.62765]],[[94.91918,44.62706],[94.91919,44.62723]],[[94.9239,44.62083],[94.91918,44.62706]],[[94.92548,44.6198],[94.9239,44.62083]],[[94.92254,44.6179],[94.92548,44.6198]],[[94.92226,44.6161],[94.92254,44.6179]],[[94.92243,44.61586],[94.92226,44.6161]],[[94.92258,44.61562],[94.92243,44.61586]],[[94.92279,44.61546],[94.92258,44.61562]],[[94.92306,44.6154],[94.92279,44.61546]],[[94.92347,44.6152],[94.92306,44.6154]],[[94.92396,44.61493],[94.92347,44.6152]],[[94.92452,44.61473],[94.92396,44.61493]],[[94.92503,44.61427],[94.92452,44.61473]],[[94.92554,44.61397],[94.92503,44.61427]],[[94.92738,44.61291],[94.92554,44.61397]],[[94.92825,44.61237],[94.92738,44.61291]],[[94.94541,44.60082],[94.92825,44.61237]],[[95.86499,44.61207],[95.84474,44.59572],[95.82525,44.58479]],[[95.27178,44.51889],[95.2499,44.52302],[95.19303,44.53941],[95.12673,44.54798],[95.10764,44.55419],[95.09939,44.55074],[95.09205,44.5509],[95.06127,44.55911],[95.0556,44.55835],[95.03432,44.56871],[95.02992,44.57318],[94.99715,44.5778],[94.97266,44.58637],[94.94541,44.60082]],[[95.82525,44.58479],[95.78743,44.5672],[95.77184,44.56595],[95.75678,44.55686],[95.72978,44.55367]],[[95.72978,44.55367],[95.68198,44.54848],[95.6718,44.5447],[95.65843,44.53553]],[[95.65843,44.53553],[95.64813,44.5273],[95.63322,44.50989],[95.6137,44.49499],[95.58251,44.49148],[95.54129,44.48169],[95.51773,44.4813],[95.48609,44.48614],[95.46929,44.47975]],[[95.3188,44.50662],[95.30086,44.50589],[95.27178,44.51889]],[[95.37083,44.49782],[95.33764,44.50602],[95.3188,44.50662]],[[95.46929,44.47975],[95.44051,44.48022],[95.42929,44.48601],[95.39066,44.49701],[95.37083,44.49782]]]}},{"type":"Feature","properties":{"roadtype":"Гол хөрсөн зам","soum":"Халиун","soumCode":8234,"lengthKm":145.1},"geometry":{"type":"MultiLineString","coordinates":[[[95.34712,46.18213],[95.37701,46.1767],[95.49108,46.14219],[95.55769,46.11365],[95.59768,46.09941],[95.64017,46.07616],[95.67206,46.07107],[95.68838,46.07085],[95.75641,46.04853],[95.79216,46.03352]],[[96.50728,46.07826],[96.49972,46.06689],[96.47876,46.06664],[96.47118,46.06311],[96.46244,46.06584],[96.43585,46.05846],[96.42637,46.0591],[96.41941,46.05557],[96.42076,46.05051],[96.41303,46.04513],[96.42157,46.02992],[96.42212,46.02045],[96.42788,46.00889],[96.42663,45.99707],[96.42155,45.98735],[96.41842,45.98416],[96.41153,45.98314],[96.40181,45.97273],[96.40078,45.95661],[96.38868,45.94593],[96.38089,45.93341],[96.32917,45.89129]],[[95.79216,46.03352],[95.87473,46.00449]],[[95.87473,46.00449],[95.90477,46.00199]],[[95.90477,46.00199],[95.9431,46]],[[95.9431,46],[95.99441,45.98748],[96.01289,45.97898],[96.03147,45.96535]],[[96.03147,45.96535],[96.04541,45.95947],[96.07233,45.9549],[96.08315,45.94713],[96.08163,45.94279],[96.10128,45.93409],[96.13898,45.93058]],[[96.13898,45.93058],[96.15914,45.93139]],[[96.15914,45.93139],[96.15999,45.93129]],[[96.15999,45.93129],[96.16433,45.93065]],[[96.16433,45.93065],[96.1655,45.93046]],[[96.1655,45.93046],[96.16603,45.93033]],[[96.16603,45.93033],[96.16687,45.93022]],[[96.16687,45.93022],[96.16719,45.93022]],[[96.16719,45.93022],[96.16797,45.93015]],[[96.16797,45.93015],[96.1689,45.92996]],[[96.1689,45.92996],[96.19363,45.92359]],[[96.19363,45.92359],[96.24526,45.91255]],[[96.24526,45.91255],[96.32917,45.89129]],[[96.29813,45.86548],[96.32917,45.89129]],[[96.20235,45.79595],[96.21673,45.80145],[96.23845,45.80431],[96.25045,45.81756],[96.25535,45.81904],[96.26083,45.81617],[96.26574,45.81659],[96.26696,45.82629],[96.29869,45.85104],[96.29813,45.86548]],[[96.05495,45.78899],[96.1105,45.79315],[96.11783,45.7914],[96.17916,45.7918],[96.18815,45.7965],[96.20235,45.79595]]]}},{"type":"Feature","properties":{"roadtype":"Гол хөрсөн зам","soum":"Бугат","soumCode":8213,"lengthKm":113},"geometry":{"type":"MultiLineString","coordinates":[[[94.45252,45.58792],[94.47782,45.59461],[94.4985,45.59714]],[[93.59719,45.58795],[93.61887,45.58794],[93.63247,45.58243],[93.66817,45.5775],[93.69019,45.57055],[93.71802,45.56847],[93.74344,45.56344],[93.75612,45.557]],[[94.36988,45.5606],[94.37153,45.56689],[94.37719,45.57111],[94.40788,45.58243],[94.45252,45.58792]],[[94.36656,45.55808],[94.36988,45.5606]],[[94.36677,45.55778],[94.36656,45.55808]],[[94.36671,45.55772],[94.36677,45.55778]],[[94.36644,45.55754],[94.36671,45.55772]],[[94.36602,45.55691],[94.36644,45.55754]],[[93.75612,45.557],[93.75627,45.55678]],[[94.36662,45.55658],[94.36602,45.55691]],[[93.75627,45.55678],[93.75682,45.55607]],[[94.36562,45.55603],[94.36662,45.55658]],[[93.75682,45.55607],[93.75718,45.55571]],[[94.36532,45.55589],[94.36562,45.55603]],[[94.3652,45.55543],[94.36532,45.55589]],[[93.75718,45.55571],[93.75735,45.55468]],[[94.36544,45.55491],[94.3652,45.55543]],[[94.36559,45.55455],[94.36544,45.55491]],[[93.75735,45.55468],[93.75797,45.55439]],[[94.36565,45.5541],[94.36559,45.55455]],[[93.75797,45.55439],[93.75891,45.55424]],[[93.75891,45.55424],[93.75912,45.55416]],[[93.75912,45.55416],[93.75636,45.54949]],[[94.36542,45.55381],[94.36565,45.5541]],[[94.36529,45.55353],[94.36542,45.55381]],[[94.28267,45.48783],[94.28409,45.49047],[94.29896,45.49473],[94.31112,45.50399],[94.32116,45.50513],[94.32382,45.50853],[94.33565,45.50506],[94.33959,45.51037],[94.33925,45.51577],[94.34289,45.51713],[94.34094,45.52205],[94.35112,45.52643],[94.36654,45.54104],[94.36394,45.54807],[94.36529,45.55353]],[[93.75636,45.54949],[93.75786,45.53148],[93.76471,45.51521],[93.78178,45.50199],[93.80098,45.49168],[93.80961,45.482],[93.83232,45.4744],[93.8543,45.47248],[93.87544,45.46539],[93.90025,45.46779],[93.91098,45.46521],[93.91742,45.46939],[93.93106,45.47065],[93.99069,45.46823],[94.07656,45.45838],[94.09088,45.44926],[94.115,45.4416],[94.16865,45.45877],[94.1849,45.46164],[94.19781,45.46785],[94.21257,45.4698],[94.22089,45.46801],[94.22552,45.47547],[94.22515,45.48295],[94.23089,45.48634],[94.23998,45.48629],[94.25326,45.4904],[94.27896,45.48643],[94.28267,45.48783]],[[94.61625,45.1047],[94.64497,45.12456],[94.72284,45.16746],[94.8122,45.22753]],[[94.52434,44.92029],[94.5198,44.93313],[94.52082,44.9406]]]}},{"type":"Feature","properties":{"roadtype":"Гол хөрсөн зам","soum":"Цээл","soumCode":8243,"lengthKm":102.3},"geometry":{"type":"MultiLineString","coordinates":[[[95.86987,45.57207],[95.87221,45.57545],[95.87661,45.57566],[95.88397,45.59391],[95.89102,45.59786],[95.89349,45.60458],[95.89929,45.61029],[95.90271,45.63174],[95.9187,45.65276],[95.92043,45.66181],[95.92456,45.66831],[95.92522,45.67716],[95.94289,45.68349],[95.9537,45.69013],[95.95564,45.69671],[95.95041,45.70697],[95.95087,45.71424],[95.96889,45.7278],[95.96747,45.73095],[95.97389,45.73197],[95.98373,45.74042],[96.02718,45.75974],[96.03677,45.76761],[96.04584,45.78206],[96.05495,45.78899]],[[95.8663,45.5693],[95.86987,45.57207]],[[95.866,45.56749],[95.8663,45.5693]],[[95.86541,45.5656],[95.866,45.56749]],[[95.86517,45.56507],[95.86541,45.5656]],[[95.86413,45.56419],[95.86517,45.56507]],[[95.86184,45.5625],[95.86413,45.56419]],[[95.85233,45.55867],[95.86184,45.5625]],[[95.83322,45.54784],[95.84057,45.54871],[95.85233,45.55867]],[[95.64373,45.53926],[95.64798,45.53765],[95.64833,45.53078],[95.67735,45.53627],[95.70355,45.53398],[95.72639,45.53818],[95.78898,45.53708],[95.83322,45.54784]],[[95.61725,45.54502],[95.63351,45.54104]],[[95.47596,45.50819],[95.56869,45.52464],[95.61008,45.53862],[95.61725,45.54502]],[[95.63351,45.54104],[95.64373,45.53926]],[[95.04452,45.39938],[95.1286,45.41998],[95.25544,45.46643],[95.43745,45.49898],[95.47596,45.50819]]]}},{"type":"Feature","properties":{"roadtype":"Гол хөрсөн зам","soum":"Есөнбулаг","soumCode":8201,"lengthKm":92.2},"geometry":{"type":"MultiLineString","coordinates":[[[96.25217,46.43029],[96.24185,46.44721]],[[96.25527,46.42962],[96.254,46.43669],[96.25631,46.44451]],[[96.29663,46.41665],[96.2965,46.43481]],[[96.25527,46.42962],[96.25217,46.43029]],[[96.25797,46.42411],[96.25217,46.43029]],[[96.29657,46.4167],[96.25527,46.42962]],[[96.25797,46.42411],[96.25527,46.42962]],[[96.25504,46.41374],[96.2577,46.41719],[96.25797,46.42411]],[[96.32169,46.41222],[96.34082,46.41849]],[[96.2857,46.3979],[96.28804,46.40638],[96.29307,46.40882],[96.29657,46.4167]],[[96.31578,46.41002],[96.30299,46.40945],[96.29663,46.41665]],[[96.25424,46.40752],[96.25504,46.41374]],[[96.25504,46.41374],[96.24879,46.41059],[96.24181,46.4014]],[[96.25363,46.39705],[96.25424,46.40752]],[[96.24181,46.4014],[96.24759,46.39616]],[[96.24181,46.4014],[96.24189,46.39484],[96.23691,46.38526]],[[96.25045,46.39148],[96.25363,46.39705]],[[96.24759,46.39616],[96.25045,46.39148]],[[96.25476,46.38665],[96.25045,46.39148]],[[96.25666,46.38485],[96.25476,46.38665]],[[96.23691,46.38526],[96.23754,46.38187]],[[96.25692,46.38454],[96.25666,46.38485]],[[96.25772,46.38372],[96.25692,46.38454]],[[96.23754,46.38187],[96.23718,46.38042]],[[96.23718,46.38042],[96.23741,46.37981]],[[96.23741,46.37981],[96.23778,46.37937]],[[96.23778,46.37937],[96.23837,46.3785]],[[96.23837,46.3785],[96.23952,46.37729]],[[96.25845,46.35992],[96.25846,46.35986]],[[96.25846,46.35986],[96.25864,46.35931]],[[96.25864,46.35931],[96.25893,46.35825]],[[96.25893,46.35825],[96.26069,46.35605]],[[96.26069,46.35605],[96.27621,46.3459],[96.28893,46.34238]],[[96.28893,46.34238],[96.3046,46.33621],[96.31343,46.3287],[96.34085,46.31576],[96.3633,46.29871]],[[96.44915,46.23569],[96.45624,46.22784]],[[96.45624,46.22784],[96.50548,46.20859],[96.52381,46.19434],[96.51743,46.18736],[96.52047,46.17351],[96.51764,46.16736],[96.52017,46.16037]],[[96.52017,46.16037],[96.52397,46.15083],[96.52008,46.14294],[96.52262,46.13493]],[[96.52017,46.16037],[96.51894,46.14883],[96.5038,46.12251],[96.50888,46.09977],[96.50728,46.07826]],[[96.52262,46.13493],[96.52593,46.12997],[96.54253,46.11978],[96.56802,46.11055],[96.59525,46.09389],[96.61792,46.06912],[96.6215,46.06189],[96.6484,46.05038],[96.68775,46.04142],[96.71524,46.02854],[96.7217,46.01122],[96.73225,45.9994],[96.77552,45.97075]],[[96.77552,45.97075],[96.77809,45.96693]]]}},{"type":"Feature","properties":{"roadtype":"Хөрсөн зам","soum":"Дарви","soumCode":8216,"lengthKm":61},"geometry":{"type":"MultiLineString","coordinates":[[[94.09044,46.4749],[94.09013,46.47016],[94.09507,46.46484]],[[94.09721,46.47414],[94.10136,46.47364]],[[94.10136,46.47364],[94.10193,46.47331]],[[94.09884,46.47205],[94.10136,46.47364]],[[94.10193,46.47331],[94.10278,46.47284]],[[94.10193,46.47331],[94.09928,46.47173]],[[94.10278,46.47284],[94.10308,46.4724]],[[94.09984,46.47147],[94.10278,46.47284]],[[94.10308,46.4724],[94.10349,46.47204]],[[94.1002,46.47121],[94.10308,46.4724]],[[94.10349,46.47204],[94.10378,46.47217]],[[94.10349,46.47204],[94.10383,46.47185]],[[94.10067,46.47087],[94.10349,46.47204]],[[94.10383,46.47185],[94.10418,46.47146]],[[94.10104,46.47053],[94.10383,46.47185]],[[94.10418,46.47146],[94.10449,46.471]],[[94.10125,46.47034],[94.10418,46.47146]],[[94.10496,46.46857],[94.10449,46.471]],[[94.10449,46.471],[94.10442,46.4705]],[[94.10169,46.46991],[94.10449,46.471]],[[94.10442,46.4705],[94.10454,46.47017]],[[94.10194,46.46965],[94.10442,46.4705]],[[94.10454,46.47017],[94.10463,46.46977]],[[94.10215,46.46945],[94.10454,46.47017]],[[94.10463,46.46977],[94.10476,46.46939]],[[94.10247,46.46914],[94.10463,46.46977]],[[94.10476,46.46939],[94.10485,46.469]],[[94.10274,46.46889],[94.10476,46.46939]],[[94.10485,46.469],[94.10496,46.46863]],[[94.10296,46.4686],[94.10485,46.469]],[[94.10496,46.46863],[94.10496,46.46857]],[[94.10326,46.46826],[94.10496,46.46863]],[[94.10496,46.46857],[94.10495,46.46815]],[[94.10495,46.46815],[94.10499,46.46787]],[[94.1035,46.46804],[94.10495,46.46815]],[[94.10499,46.46787],[94.10502,46.46757]],[[94.10365,46.46777],[94.10499,46.46787]],[[94.10502,46.46757],[94.10307,46.46548]],[[94.10381,46.46747],[94.10502,46.46757]],[[94.10172,46.46434],[94.10572,46.46643]],[[94.09717,46.46617],[94.09507,46.46484]],[[94.09766,46.466],[94.09552,46.46444]],[[94.10256,46.46409],[94.10648,46.46589]],[[94.09808,46.46578],[94.0959,46.46407]],[[94.09835,46.46525],[94.09654,46.46367]],[[94.09872,46.46508],[94.09716,46.46353]],[[94.1,46.46505],[94.09899,46.46344]],[[94.09959,46.46502],[94.09847,46.46349]],[[94.0991,46.46502],[94.09785,46.46356]],[[94.10041,46.465],[94.09932,46.46337]],[[94.10084,46.46487],[94.0997,46.46326]],[[94.09507,46.46484],[94.09552,46.46444]],[[94.1033,46.46373],[94.10489,46.46473]],[[94.10119,46.4646],[94.10029,46.46316]],[[94.09552,46.46444],[94.0959,46.46407]],[[94.10141,46.46437],[94.10124,46.46411]],[[94.10124,46.46411],[94.10181,46.46362]],[[94.10124,46.46411],[94.10055,46.46312]],[[94.10181,46.46362],[94.10256,46.46409]],[[94.0959,46.46407],[94.09654,46.46367]],[[94.09716,46.46353],[94.09654,46.46367]],[[94.10353,46.46363],[94.10495,46.46299]],[[94.10181,46.46362],[94.10334,46.4628]],[[94.09847,46.46349],[94.09785,46.46356]],[[94.09785,46.46356],[94.09716,46.46353]],[[94.09899,46.46344],[94.09847,46.46349]],[[94.09932,46.46337],[94.09899,46.46344]],[[94.0997,46.46326],[94.09932,46.46337]],[[94.0997,46.46326],[94.10029,46.46316]],[[94.10029,46.46316],[94.10055,46.46312]],[[94.10055,46.46312],[94.1035,46.46221]],[[94.10334,46.4628],[94.10425,46.46222]],[[94.10893,46.46046],[94.10727,46.45951]],[[94.10727,46.45951],[94.1101,46.45805]],[[94.10727,46.45951],[94.10636,46.45861]],[[94.10526,46.45836],[94.10182,46.45777]],[[94.10636,46.45861],[94.10835,46.45727]],[[94.10636,46.45861],[94.106,46.45842]],[[94.106,46.45842],[94.10783,46.45715]],[[94.106,46.45842],[94.10573,46.45826]],[[94.10555,46.45824],[94.10526,46.45836]],[[94.10526,46.45836],[94.10694,46.4565]],[[94.10573,46.45826],[94.1079,46.45672]],[[94.10573,46.45826],[94.10555,46.45824]],[[94.10555,46.45824],[94.10767,46.45646]],[[94.10272,46.45391],[94.17558,46.38292],[94.2019,46.35376]],[[94.22011,46.32818],[94.2286,46.30971],[94.23348,46.26963]],[[94.25993,46.24393],[94.28206,46.23559],[94.30219,46.21617]],[[94.34772,46.18777],[94.4304,46.19348],[94.5303,46.19567],[94.59078,46.20129],[94.60448,46.20463],[94.64161,46.19958]]]}},{"type":"Feature","properties":{"roadtype":"Хөрсөн зам","soum":"Баян Уул","soumCode":8207,"lengthKm":384.4},"geometry":{"type":"MultiLineString","coordinates":[[[95.00727,47.30618],[95.092,47.30966],[95.19971,47.29135]],[[95.19971,47.29135],[95.25437,47.28221],[95.27531,47.28184],[95.30084,47.28473],[95.32867,47.27471],[95.35702,47.25876],[95.36446,47.25706],[95.37697,47.26304],[95.42461,47.26781]],[[95.32835,47.13962],[95.32308,47.15237],[95.31076,47.16426],[95.29483,47.17165],[95.27441,47.17529],[95.26696,47.19276],[95.26739,47.20357],[95.26401,47.21495],[95.25288,47.23814],[95.23803,47.25765],[95.20498,47.28233],[95.19971,47.29135]],[[95.00012,47.16581],[94.92536,47.19036],[94.8889,47.19145],[94.85662,47.20026]],[[94.89782,47.03484],[94.88423,47.04339],[94.87871,47.04978],[94.86868,47.06469],[94.85732,47.08845],[94.82738,47.10368],[94.77527,47.1388],[94.75495,47.17202]],[[95.07144,47.11083],[95.05475,47.12957],[95.03049,47.14987],[95.00012,47.16581]],[[95.19533,46.99455],[95.15236,46.99833],[95.1051,47.01617],[95.01102,47.07919],[94.99373,47.10025],[94.98496,47.10737],[94.99575,47.1201],[94.99584,47.13797],[94.9888,47.14846],[94.99497,47.15334],[95.00012,47.16581]],[[95.32835,47.13962],[95.38233,47.14521],[95.39865,47.14384],[95.41117,47.13916],[95.44131,47.1368],[95.50442,47.14797]],[[94.65841,47.14522],[94.66809,47.13751],[94.68181,47.10601],[94.69154,47.09346],[94.72789,47.06953],[94.82163,47.06083],[94.89782,47.03484]],[[95.34798,47.1068],[95.33204,47.12967],[95.32835,47.13962]],[[95.27765,47.1128],[95.29018,47.1129],[95.29842,47.11615],[95.30862,47.12763],[95.31586,47.12787],[95.31891,47.13502],[95.32835,47.13962]],[[95.27765,47.1128],[95.27294,47.11369],[95.2539,47.10423]],[[95.34798,47.1068],[95.33511,47.10952],[95.27765,47.1128]],[[95.2539,47.10423],[95.16792,47.10559],[95.14499,47.09787],[95.13993,47.09952],[95.11271,47.09843],[95.08983,47.10134],[95.07553,47.10667],[95.07144,47.11083]],[[95.18961,47.01162],[95.18187,47.02516],[95.16579,47.04278],[95.13092,47.06023],[95.12988,47.07249],[95.12617,47.07996],[95.09017,47.10016],[95.07561,47.10164],[95.07062,47.10573],[95.07144,47.11083]],[[95.45708,47.06269],[95.42748,47.06947],[95.37697,47.08619],[95.34798,47.1068]],[[95.2539,47.10423],[95.24798,47.09399],[95.24415,47.07778],[95.20275,47.00043]],[[95.58794,47.0668],[95.56483,47.06375]],[[95.45708,47.06269],[95.48723,47.06522],[95.49716,47.06139],[95.50677,47.06184]],[[95.56483,47.06375],[95.58341,47.06224]],[[95.52409,47.06164],[95.56483,47.06375]],[[95.50677,47.06184],[95.52409,47.06164]],[[95.42394,47.04922],[95.45708,47.06269]],[[95.50677,47.06184],[95.49303,47.05413],[95.4567,47.04193],[95.45331,47.03817]],[[95.52409,47.06164],[95.53106,47.05811],[95.57041,47.04916]],[[95.54583,47.02442],[95.54348,47.03312],[95.53317,47.04415],[95.52409,47.06164]],[[95.20931,46.99525],[95.25756,47.00824],[95.27756,47.02041],[95.2985,47.02842],[95.34781,47.03419],[95.35627,47.0405],[95.37053,47.03898],[95.39585,47.04201],[95.41319,47.05446],[95.42394,47.04922]],[[95.45331,47.03817],[95.44169,47.03979],[95.42394,47.04922]],[[95.45331,47.03817],[95.44649,47.03347]],[[94.89782,47.03484],[94.9186,47.03315],[94.94812,47.02098],[95.02126,47.01098],[95.05912,46.99939],[95.10608,46.9925],[95.13168,46.98637],[95.15216,46.98588],[95.1604,46.98908],[95.19512,46.9942]],[[95.44649,47.03347],[95.4691,47.02448],[95.47896,47.01506],[95.487,47.00063],[95.49834,46.98988],[95.49506,46.97411]],[[95.44649,47.03347],[95.42866,47.02566],[95.42662,47.02211],[95.42768,47.01548],[95.42547,47.01383],[95.41768,47.01186],[95.41112,47.01426],[95.40437,47.01293],[95.3894,47.00544],[95.34916,47.00038],[95.22228,46.99523]],[[95.18961,47.01162],[95.20021,46.99919]],[[95.19456,46.99866],[95.18961,47.01162]],[[95.20275,47.00043],[95.20387,46.99718]],[[95.20275,47.00043],[95.20144,46.99678]],[[95.20021,46.99919],[95.20032,46.9986]],[[95.20021,46.99919],[95.19461,46.9981]],[[95.20875,46.9963],[95.21874,46.9987]],[[95.19461,46.9981],[95.19456,46.99866]],[[95.19456,46.99866],[95.18837,46.99722]],[[95.20032,46.9986],[95.20053,46.998]],[[95.20032,46.9986],[95.19478,46.99763]],[[95.20539,46.9959],[95.21599,46.99851]],[[95.20904,46.99588],[95.21902,46.99833]],[[95.19478,46.99763],[95.19461,46.9981]],[[95.19461,46.9981],[95.18738,46.99664]],[[95.20053,46.998],[95.20075,46.99716]],[[95.20053,46.998],[95.19488,46.99712]],[[95.20409,46.99634],[95.2113,46.99782]],[[95.19488,46.99712],[95.19478,46.99763]],[[95.19478,46.99763],[95.18834,46.99639]],[[95.20387,46.99718],[95.20553,46.99736]],[[95.20387,46.99718],[95.20409,46.99634]],[[95.20144,46.99678],[95.20387,46.99718]],[[95.20075,46.99716],[95.2009,46.99654]],[[95.20075,46.99716],[95.19502,46.9963]],[[95.19497,46.99672],[95.19488,46.99712]],[[95.19488,46.99712],[95.1881,46.99596]],[[95.20144,46.99678],[95.20112,46.99577]],[[95.19502,46.9963],[95.19497,46.99672]],[[95.19497,46.99672],[95.18682,46.9953]],[[95.2009,46.99654],[95.20112,46.99577]],[[95.2009,46.99654],[95.19522,46.99566]],[[95.20409,46.99634],[95.20422,46.99539]],[[95.20112,46.99577],[95.20409,46.99634]],[[95.19502,46.99624],[95.19502,46.9963]],[[95.20943,46.99459],[95.21898,46.9963]],[[95.20875,46.9963],[95.20904,46.99588]],[[95.20539,46.9959],[95.20875,46.9963]],[[95.19507,46.99588],[95.19502,46.99624]],[[95.19502,46.99624],[95.18751,46.99496]],[[95.20422,46.99539],[95.20539,46.9959]],[[95.19522,46.99566],[95.19507,46.99588]],[[95.19507,46.99588],[95.1913,46.99523]],[[95.20904,46.99588],[95.20931,46.99525]],[[95.20416,46.99487],[95.20904,46.99588]],[[95.20928,46.99408],[95.2199,46.99585]],[[95.20112,46.99577],[95.20122,46.99556]],[[95.19526,46.99548],[95.19522,46.99566]],[[95.20122,46.99556],[95.2014,46.99526]],[[95.20122,46.99556],[95.19932,46.99531]],[[95.19532,46.99535],[95.19526,46.99548]],[[95.19526,46.99548],[95.19175,46.99493]],[[95.20422,46.99539],[95.20416,46.99487]],[[95.20422,46.99539],[95.20258,46.99536]],[[95.20258,46.99536],[95.2014,46.99526]],[[95.20258,46.99536],[95.20257,46.9949]],[[95.19646,46.99491],[95.19532,46.99535]],[[95.19532,46.99535],[95.19533,46.99455]],[[95.19954,46.99476],[95.19932,46.99531]],[[95.19932,46.99531],[95.19646,46.99491]],[[95.2014,46.99526],[95.2015,46.99503]],[[95.20931,46.99525],[95.20943,46.99459]],[[95.20417,46.99423],[95.20931,46.99525]],[[95.49506,46.97411],[95.48922,46.97248],[95.4759,46.97397],[95.45281,46.96853],[95.42601,46.97125],[95.41839,46.9677],[95.40078,46.97016],[95.39102,46.96727],[95.38201,46.97066],[95.33057,46.97811],[95.2963,46.97797],[95.22228,46.99523]],[[95.22228,46.99523],[95.21234,46.99388]],[[95.2015,46.99503],[95.20154,46.99494]],[[95.2015,46.99503],[95.19954,46.99476]],[[95.20154,46.99494],[95.20257,46.9949]],[[95.20154,46.99494],[95.20248,46.994]],[[95.20257,46.9949],[95.20316,46.99486]],[[95.20416,46.99487],[95.20417,46.99423]],[[95.20316,46.99486],[95.20416,46.99487]],[[95.20316,46.99486],[95.20248,46.994]],[[95.19988,46.99391],[95.19954,46.99476]],[[95.19954,46.99476],[95.19715,46.99423]],[[95.20943,46.99459],[95.20928,46.99408]],[[95.20414,46.99387],[95.20943,46.99459]],[[95.20417,46.99423],[95.20414,46.99387]],[[95.2036,46.99374],[95.20417,46.99423]],[[95.20248,46.994],[95.20417,46.99423]],[[95.20928,46.99408],[95.20939,46.9935]],[[95.2043,46.99326],[95.20928,46.99408]],[[95.20217,46.994],[95.19988,46.99391]],[[95.20248,46.994],[95.20217,46.994]],[[95.20217,46.994],[95.20281,46.99298]],[[95.20248,46.994],[95.20335,46.99338]],[[95.20016,46.99339],[95.19988,46.99391]],[[95.19988,46.99391],[95.19764,46.99351]],[[95.21234,46.99388],[95.21252,46.99329]],[[95.21234,46.99388],[95.20939,46.9935]],[[95.20414,46.99387],[95.2043,46.99326]],[[95.2036,46.99374],[95.20414,46.99387]],[[95.20335,46.99338],[95.2036,46.99374]],[[95.20939,46.9935],[95.20431,46.9931]],[[95.21252,46.99329],[95.21527,46.99348]],[[95.20095,46.99286],[95.20016,46.99339]],[[95.20046,46.9928],[95.20016,46.99339]],[[95.20016,46.99339],[95.19839,46.99307]],[[95.19505,46.99339],[95.19643,46.99198]],[[95.20335,46.99338],[95.20366,46.99306]],[[95.21221,46.99323],[95.21252,46.99329]],[[95.2043,46.99326],[95.20431,46.9931]],[[95.20839,46.99121],[95.21221,46.99323]],[[95.21169,46.99315],[95.21221,46.99323]],[[95.20742,46.99271],[95.21169,46.99315]],[[95.20742,46.99271],[95.21169,46.99315]],[[95.20431,46.9931],[95.20366,46.99306]],[[95.20366,46.99306],[95.20395,46.99253]],[[95.20366,46.99306],[95.20281,46.99298]],[[95.20281,46.99298],[95.20229,46.99293]],[[95.20229,46.99293],[95.20157,46.99199]],[[95.20229,46.99293],[95.20095,46.99286]],[[95.20095,46.99286],[95.20046,46.9928]],[[95.20069,46.99216],[95.20046,46.9928]],[[95.20046,46.9928],[95.19906,46.99255]],[[95.20395,46.99253],[95.20742,46.99271]],[[95.19906,46.99255],[95.19938,46.99184]],[[95.20395,46.99253],[95.20399,46.99238]],[[95.20399,46.99238],[95.2051,46.99129]],[[95.20399,46.99238],[95.20157,46.99199]],[[95.20157,46.99199],[95.20069,46.99216]],[[95.20072,46.99092],[95.20069,46.99216]],[[95.20069,46.99216],[95.19938,46.99184]],[[95.20157,46.99199],[95.20121,46.99073]],[[95.19643,46.99198],[95.19813,46.99151]],[[95.19938,46.99184],[95.19813,46.99151]],[[95.19813,46.99151],[95.20072,46.99092]],[[95.2051,46.99129],[95.20757,46.99128]],[[95.2051,46.99129],[95.20121,46.99073]],[[95.20757,46.99128],[95.20839,46.99121]],[[95.20121,46.99073],[95.20072,46.99092]],[[95.20185,46.98903],[95.20072,46.99092]],[[95.20185,46.98903],[95.20185,46.98903]],[[95.49506,46.97411],[95.49603,46.97427]]]}},{"type":"Feature","properties":{"roadtype":"Хөрсөн зам","soum":"Тонхил","soumCode":8228,"lengthKm":222.8},"geometry":{"type":"MultiLineString","coordinates":[[[93.61129,46.44026],[93.61536,46.45181],[93.62434,46.4579],[93.62666,46.46616],[93.63086,46.47018],[93.65287,46.47657],[93.68354,46.47822],[93.70586,46.47541],[93.71448,46.4773],[93.71853,46.47186],[93.73764,46.45888],[93.7606,46.4491],[93.77352,46.43053],[93.78585,46.42011],[93.80402,46.41019],[93.8184,46.39314],[93.83707,46.38055],[93.84019,46.37664],[93.8389,46.37438],[93.84255,46.37402],[93.84867,46.36596],[93.86266,46.35557],[93.87529,46.35066],[93.88643,46.33717],[93.88784,46.33457],[93.88571,46.33142],[93.89035,46.32624],[93.89176,46.32057],[93.90291,46.31248]],[[93.64266,46.40005],[93.64265,46.40005]],[[94.2019,46.35376],[94.22011,46.32818]],[[93.90914,46.31242],[93.90867,46.31396]],[[93.91048,46.31263],[93.90968,46.3138]],[[93.91156,46.31212],[93.91048,46.31263]],[[93.90914,46.31242],[93.91048,46.31263]],[[93.90291,46.31248],[93.90292,46.31242]],[[93.89967,46.31114],[93.90291,46.31248]],[[93.90419,46.31224],[93.90292,46.31242]],[[93.90292,46.31242],[93.90294,46.31171]],[[93.90914,46.31242],[93.9085,46.31158]],[[93.90565,46.31149],[93.90419,46.31224]],[[93.90419,46.31224],[93.90453,46.31154]],[[93.91194,46.31179],[93.91156,46.31212]],[[93.9085,46.31158],[93.91156,46.31212]],[[93.91219,46.31144],[93.91194,46.31179]],[[93.90845,46.31121],[93.91194,46.31179]],[[93.9085,46.31158],[93.90845,46.31121]],[[93.90453,46.31154],[93.90565,46.31149]],[[93.90363,46.31142],[93.90453,46.31154]],[[93.90589,46.31104],[93.90565,46.31149]],[[93.90297,46.31148],[93.9013,46.31121]],[[93.91247,46.31093],[93.91219,46.31144]],[[93.90851,46.31065],[93.91219,46.31144]],[[93.90363,46.31142],[93.90458,46.31078]],[[93.90298,46.31137],[93.90363,46.31142]],[[93.90845,46.31121],[93.90849,46.31088]],[[93.9013,46.31121],[93.90148,46.31059]],[[93.9013,46.31121],[93.89967,46.31114]],[[93.89939,46.31043],[93.89967,46.31114]],[[93.90589,46.31104],[93.90849,46.31088]],[[93.90581,46.31093],[93.90589,46.31104]],[[93.90558,46.31016],[93.90581,46.31093]],[[93.90458,46.31078],[93.90581,46.31093]],[[93.91265,46.31063],[93.91247,46.31093]],[[93.90952,46.31055],[93.91247,46.31093]],[[93.90849,46.31088],[93.90851,46.31065]],[[93.90458,46.31078],[93.90475,46.31006]],[[93.90212,46.31042],[93.90307,46.31078]],[[93.90895,46.30942],[93.90851,46.31065]],[[93.91288,46.3102],[93.91265,46.31063]],[[93.90939,46.30991],[93.91265,46.31063]],[[93.90148,46.31059],[93.89939,46.31043]],[[93.90152,46.3104],[93.90148,46.31059]],[[93.89939,46.31039],[93.89939,46.31043]],[[93.90314,46.31029],[93.90212,46.31042]],[[93.90212,46.31042],[93.90156,46.31019]],[[93.90212,46.31042],[93.90152,46.3104]],[[93.90152,46.3104],[93.90156,46.31019]],[[93.8995,46.30967],[93.89939,46.31039]],[[93.89939,46.31039],[93.89788,46.31029]],[[93.91303,46.30987],[93.91288,46.3102]],[[93.90953,46.30965],[93.91288,46.3102]],[[93.90156,46.31019],[93.90158,46.30982]],[[93.90156,46.31019],[93.90101,46.31014]],[[93.90545,46.30957],[93.90558,46.31016]],[[93.90475,46.31006],[93.90558,46.31016]],[[93.9032,46.3099],[93.90475,46.31006]],[[93.90939,46.30991],[93.90953,46.30965]],[[93.90895,46.30942],[93.90939,46.30991]],[[93.91319,46.30945],[93.91303,46.30987]],[[93.9097,46.30928],[93.91303,46.30987]],[[93.90158,46.30982],[93.90164,46.30946]],[[93.90158,46.30982],[93.8995,46.30967]],[[93.89949,46.30962],[93.8995,46.30967]],[[93.90953,46.30965],[93.9097,46.30928]],[[93.89949,46.30881],[93.89949,46.30962]],[[93.89949,46.30962],[93.89794,46.30949]],[[93.90549,46.30916],[93.90545,46.30957]],[[93.90329,46.30937],[93.90545,46.30957]],[[93.9017,46.3092],[93.90164,46.30946]],[[93.90164,46.30946],[93.9017,46.3092]],[[93.91331,46.30882],[93.91319,46.30945]],[[93.9101,46.30828],[93.91319,46.30945]],[[93.90885,46.30897],[93.90895,46.30942]],[[93.9097,46.30928],[93.90885,46.30897]],[[93.9017,46.3092],[93.90176,46.30901]],[[93.90563,46.30871],[93.90549,46.30916]],[[93.90336,46.30892],[93.90549,46.30916]],[[93.90178,46.30887],[93.90176,46.30901]],[[93.90176,46.30901],[93.89949,46.30881]],[[93.90335,46.309],[93.90178,46.30887]],[[93.90883,46.30809],[93.90885,46.30897]],[[93.90178,46.30887],[93.90186,46.30841]],[[93.91351,46.30848],[93.91331,46.30882]],[[93.9101,46.30828],[93.91331,46.30882]],[[93.89923,46.30824],[93.89949,46.30881]],[[93.90575,46.30839],[93.90563,46.30871]],[[93.90343,46.30848],[93.90563,46.30871]],[[93.9034,46.30834],[93.90343,46.30848]],[[93.91374,46.30795],[93.91351,46.30848]],[[93.91017,46.3079],[93.91351,46.30848]],[[93.90189,46.30827],[93.90186,46.30841]],[[93.90186,46.30841],[93.89923,46.30824]],[[93.90587,46.30757],[93.90575,46.30839]],[[93.90346,46.30814],[93.90575,46.30839]],[[93.9034,46.30834],[93.90189,46.30827]],[[93.9034,46.30834],[93.90346,46.30814]],[[93.91017,46.3079],[93.9101,46.30828]],[[93.90883,46.30809],[93.9101,46.30828]],[[93.90189,46.30827],[93.89917,46.30767]],[[93.89917,46.30767],[93.89923,46.30824]],[[93.90346,46.30814],[93.90363,46.30727]],[[93.90883,46.30809],[93.90925,46.30698]],[[93.90814,46.30808],[93.90883,46.30809]],[[93.90733,46.30808],[93.90769,46.30808]],[[93.91401,46.30762],[93.91374,46.30795]],[[93.91039,46.30737],[93.91374,46.30795]],[[93.91039,46.30737],[93.91017,46.3079]],[[93.8998,46.3071],[93.89917,46.30767]],[[93.91426,46.30707],[93.91401,46.30762]],[[93.91011,46.30709],[93.91401,46.30762]],[[93.90363,46.30727],[93.90587,46.30757]],[[93.90082,46.30744],[93.8998,46.3071]],[[93.91011,46.30709],[93.91039,46.30737]],[[93.90363,46.30727],[93.90381,46.30667]],[[93.90374,46.30468],[93.8998,46.3071]],[[93.90925,46.30698],[93.91011,46.30709]],[[93.91431,46.30656],[93.91426,46.30707]],[[93.90915,46.30642],[93.91426,46.30707]],[[93.90925,46.30698],[93.90905,46.30675]],[[93.90381,46.30667],[93.90583,46.30694]],[[93.90412,46.3061],[93.90583,46.3067]],[[93.90381,46.30667],[93.90412,46.3061]],[[93.91098,46.30583],[93.91431,46.30656]],[[93.91098,46.30583],[93.91431,46.30656]],[[93.90412,46.3061],[93.90374,46.30468]],[[93.90954,46.30567],[93.91098,46.30583]],[[93.90374,46.30468],[93.9032,46.30389]],[[93.59418,46.30384],[93.62328,46.26676]],[[94.23348,46.26963],[94.24424,46.25532],[94.25993,46.24393]],[[93.93552,46.22961],[93.91564,46.23835],[93.87622,46.24353],[93.8711,46.24249]],[[93.8711,46.24249],[93.86077,46.22299],[93.86665,46.20862],[93.89191,46.1749],[93.8972,46.15106],[93.89502,46.1403],[93.89798,46.12299],[93.90242,46.11716],[93.92817,46.10448],[93.93615,46.09743],[93.95413,46.06969],[93.96679,46.03681],[93.97059,46.0116],[93.96346,45.99991],[93.96334,45.98688],[93.96698,45.973],[93.95918,45.9528],[93.9588,45.93395],[93.96645,45.92199],[93.98797,45.90711],[93.98008,45.8799],[93.99359,45.85773],[93.99314,45.84638],[93.99667,45.83343],[93.99362,45.82039],[93.98728,45.82161],[93.98752,45.80821],[93.97509,45.77022],[93.97174,45.74105],[93.97173,45.71775],[93.97926,45.7026],[93.98977,45.68972]],[[94.30219,46.21617],[94.33759,46.1864]],[[94.33759,46.1864],[94.34772,46.18777]],[[94.33759,46.1864],[94.34389,46.18083]],[[94.34389,46.18083],[94.36913,46.14928],[94.39766,46.12361]],[[94.14703,46.17184],[94.17034,46.16652]],[[94.17034,46.16652],[94.19849,46.1653],[94.26579,46.15394],[94.33842,46.12883],[94.39766,46.12361]],[[94.17034,46.16652],[94.21742,46.15344],[94.31012,46.12239],[94.35906,46.10115],[94.39962,46.09089]],[[94.39766,46.12361],[94.40384,46.11811],[94.42597,46.11914]],[[94.01338,45.69078],[93.99401,45.70338],[93.99005,45.69865],[93.98977,45.68972]],[[93.98977,45.68972],[93.99114,45.68389],[93.98694,45.67914]],[[93.16112,45.5903],[93.13603,45.59387],[93.12069,45.59171]],[[93.44437,45.01384],[93.42261,45.02107],[93.39632,45.03608],[93.3387,45.07617],[93.32199,45.07907],[93.31788,45.08197],[93.29776,45.08121],[93.2529,45.08882],[93.22273,45.10009],[93.17573,45.1102]]]}},{"type":"Feature","properties":{"roadtype":"Хөрсөн зам","soum":"Жаргалан","soumCode":8222,"lengthKm":897.2},"geometry":{"type":"MultiLineString","coordinates":[[[95.91484,47.35785],[95.90518,47.35973],[95.89543,47.35781],[95.87829,47.36094],[95.85651,47.35287],[95.82197,47.34888],[95.81696,47.34],[95.80843,47.3319],[95.78121,47.31792],[95.77575,47.3117],[95.76792,47.30745],[95.79344,47.29626]],[[95.86128,47.24256],[95.91132,47.26042],[95.99018,47.30478],[96.03707,47.32409],[96.04584,47.32564]],[[95.74892,47.29638],[95.77018,47.29799],[95.79344,47.29626]],[[95.72072,47.25973],[95.72033,47.26926],[95.73115,47.27721],[95.74892,47.29638]],[[95.68219,47.28334],[95.74892,47.29638]],[[95.79344,47.29626],[95.8087,47.29146],[95.81323,47.28207],[95.82146,47.27794],[95.82975,47.26778]],[[95.72072,47.25973],[95.71512,47.26829],[95.70329,47.27073],[95.69566,47.27877],[95.68766,47.28336],[95.68219,47.28334]],[[95.56757,47.27351],[95.60687,47.27805],[95.66623,47.27963],[95.68219,47.28334]],[[95.65145,47.1811],[95.63823,47.20219],[95.62821,47.21273],[95.60366,47.23043],[95.59244,47.233],[95.58362,47.25399],[95.57491,47.26712],[95.56757,47.27351]],[[95.42461,47.26781],[95.44734,47.26715],[95.4855,47.26016],[95.51823,47.26394],[95.53684,47.26929],[95.56757,47.27351]],[[95.82975,47.26778],[95.83835,47.26008],[95.85222,47.25273],[95.86128,47.24256]],[[95.77174,47.21181],[95.80237,47.24767],[95.82932,47.26337],[95.82975,47.26778]],[[95.6969,47.1937],[95.71782,47.21023],[95.7223,47.24788],[95.72072,47.25973]],[[95.86128,47.24256],[95.88288,47.23086],[95.89302,47.2177],[95.92028,47.19879],[95.95324,47.15894],[95.96231,47.14208]],[[95.77174,47.21181],[95.80409,47.22054],[95.86128,47.24256]],[[95.76692,47.21094],[95.77174,47.21181]],[[95.74252,47.14026],[95.74251,47.14506],[95.7594,47.15518],[95.75992,47.17014],[95.76657,47.18999],[95.76454,47.20292],[95.76692,47.21094]],[[95.6969,47.1937],[95.76692,47.21094]],[[96.12462,47.18184],[96.12144,47.18789],[96.10825,47.1926],[96.09615,47.20083],[96.07368,47.19658],[96.06171,47.19804],[96.04999,47.19385],[96.02314,47.19458],[96.01949,47.19054],[96.02061,47.1878],[96.01688,47.18112],[96.01726,47.17621],[96.00792,47.17241],[96.00745,47.16757],[96.005,47.16654],[96.00667,47.16147],[96.01368,47.1565],[96.01363,47.15292],[96.00981,47.1465],[96.0064,47.14551],[96.00016,47.13399]],[[95.6961,47.19346],[95.6969,47.1937]],[[95.68201,47.1557],[95.68065,47.16174],[95.68598,47.17973],[95.6961,47.19346]],[[95.65145,47.1811],[95.6961,47.19346]],[[96.13781,47.15669],[96.26655,47.1893]],[[96.13781,47.15669],[96.13167,47.16871],[96.13082,47.17713],[96.12462,47.18184]],[[96.13914,47.13792],[96.1246,47.16698],[96.12274,47.1776],[96.12462,47.18184]],[[95.67303,47.15629],[95.6593,47.16735],[95.65145,47.1811]],[[95.50442,47.14797],[95.65145,47.1811]],[[95.76592,47.14224],[95.78319,47.15523],[95.81257,47.17167],[95.82248,47.17581],[95.83267,47.17693],[95.85908,47.16921],[95.89057,47.17183],[95.96231,47.14208]],[[96.13914,47.13792],[96.13781,47.15669]],[[95.68201,47.1557],[95.67303,47.15629]],[[95.68158,47.14522],[95.67303,47.15629]],[[95.74252,47.14026],[95.71489,47.14429],[95.68201,47.1557]],[[95.68158,47.14522],[95.68201,47.1557]],[[95.69432,47.1001],[95.69218,47.11669],[95.68158,47.14522]],[[95.76795,47.13596],[95.76592,47.14224]],[[95.76134,47.13875],[95.76592,47.14224]],[[95.96231,47.14208],[95.96553,47.13753]],[[95.76134,47.13875],[95.74252,47.14026]],[[95.74288,47.12953],[95.74252,47.14026]],[[95.76795,47.13596],[95.76134,47.13875]],[[95.74288,47.12953],[95.76134,47.13875]],[[96.00016,47.13399],[95.99118,47.13734],[95.98678,47.13531],[95.96553,47.13753]],[[96.17904,47.04634],[96.17954,47.06397],[96.16401,47.07292],[96.15091,47.09347],[96.15015,47.10605],[96.14317,47.12243],[96.14383,47.12987],[96.13914,47.13792]],[[95.96553,47.13753],[95.97866,47.11317]],[[95.82638,47.09251],[95.81985,47.09866],[95.80898,47.10318],[95.80068,47.11884],[95.79294,47.12483],[95.76795,47.13596]],[[96.00016,47.13399],[96.00032,47.12528],[96.00594,47.12186],[96.00456,47.11076]],[[95.74456,47.12413],[95.74288,47.12953]],[[95.73257,47.12339],[95.74288,47.12953]],[[96.00456,47.11076],[96.00797,47.10929],[96.01306,47.11526],[96.01323,47.11911],[96.0105,47.12006],[96.01201,47.1251],[96.0083,47.12643]],[[95.82998,47.08579],[95.8004,47.09337],[95.79703,47.1001],[95.79816,47.10921],[95.78911,47.11434],[95.76847,47.11518],[95.76073,47.11942],[95.75843,47.12398],[95.7455,47.12442]],[[95.7455,47.12442],[95.74491,47.12351]],[[95.7455,47.12442],[95.74456,47.12413]],[[95.74491,47.12351],[95.74456,47.12413]],[[95.74456,47.12413],[95.73257,47.12339]],[[95.74491,47.12351],[95.74494,47.11707],[95.73308,47.11199],[95.73268,47.10835],[95.72832,47.10471],[95.70885,47.09943]],[[95.71269,47.11118],[95.73257,47.12339]],[[95.99745,47.1067],[95.98252,47.10919],[95.97866,47.11317]],[[95.97866,47.11317],[95.98079,47.09722]],[[95.70885,47.09943],[95.71269,47.11118]],[[95.71269,47.11118],[95.69432,47.1001]],[[96.00456,47.11076],[96.0086,47.10461]],[[95.99745,47.1067],[96.00456,47.11076]],[[96.0086,47.10461],[95.99745,47.1067]],[[95.98079,47.09722],[95.98612,47.10328],[95.99745,47.1067]],[[96.0086,47.10461],[96.01271,47.10075],[96.01273,47.09382],[96.02846,47.08643],[96.03177,47.07876],[96.03689,47.07938],[96.04041,47.07489],[96.0275,47.06764],[96.02634,47.06094],[96.01949,47.05515],[96.01798,47.05091],[96.02373,47.04756],[96.02157,47.04563]],[[95.70341,47.07954],[95.69432,47.1001]],[[95.69432,47.1001],[95.6345,47.06886],[95.58794,47.0668]],[[95.70341,47.07954],[95.70885,47.09943]],[[95.98079,47.09722],[95.98201,47.0847],[95.97977,47.07439],[95.96778,47.05324],[95.9483,47.03492],[95.93271,46.98854]],[[95.93271,46.98854],[95.93515,47.00686],[95.93301,47.02319],[95.92037,47.05395],[95.879,47.07098],[95.85584,47.08389],[95.82638,47.09251]],[[95.82998,47.08579],[95.82638,47.09251]],[[95.92327,46.98241],[95.89876,47.00764],[95.88013,47.02172],[95.87761,47.02748],[95.86943,47.02851],[95.85247,47.04822],[95.83874,47.0539],[95.83322,47.06451],[95.834,47.07454],[95.82998,47.08579]],[[95.81185,46.98079],[95.79683,46.98496],[95.76436,47.00099],[95.74061,47.02186],[95.72561,47.04082],[95.70341,47.07954]],[[95.58341,47.06224],[95.69435,47.04989],[95.734,47.0276],[95.75606,46.99969],[95.77426,46.98611]],[[95.57041,47.04916],[95.70319,47.00531],[95.77426,46.98611]],[[95.93244,46.98225],[95.93765,46.99184],[95.95215,47.00583],[95.96695,47.02526],[95.98653,47.03543],[95.9932,47.04319],[96.00326,47.04412],[96.00783,47.04692],[96.01695,47.04429],[96.02157,47.04563]],[[96.18671,47.01997],[96.17904,47.04634]],[[96.07573,47.02967],[96.08614,47.03447],[96.10047,47.03044],[96.10299,47.02596],[96.1118,47.02066],[96.14577,47.0179],[96.15437,47.02056],[96.16799,47.03063],[96.17699,47.03905],[96.17904,47.04634]],[[96.02157,47.04563],[96.03252,47.04133],[96.05159,47.04108],[96.05366,47.03568],[96.06004,47.02953],[96.07161,47.02743],[96.07573,47.02967]],[[96.08913,46.99416],[96.08243,47.01091],[96.07688,47.01648],[96.07967,47.02205],[96.07908,47.02646],[96.07573,47.02967]],[[95.5697,46.99592],[95.56054,47.0005],[95.54583,47.02442]],[[96.18671,47.01997],[96.18887,47.00972],[96.19662,46.99677]],[[96.1811,46.99388],[96.18671,47.01997]],[[96.19662,46.99677],[96.23808,47.00379]],[[96.06225,46.99245],[96.05548,46.99828],[96.04923,46.99774]],[[96.19662,46.99677],[96.20023,46.98727],[96.19741,46.97547],[96.1982,46.95832],[96.20293,46.95233],[96.21187,46.94722],[96.22795,46.9254]],[[96.1811,46.99388],[96.19662,46.99677]],[[95.68743,46.96858],[95.6842,46.97529],[95.66987,46.98245],[95.62874,46.98634],[95.5697,46.99592]],[[95.57791,46.95947],[95.58697,46.97322],[95.58129,46.9816],[95.57737,46.98275],[95.56916,46.99168],[95.5697,46.99592]],[[96.09437,46.98917],[96.08913,46.99416]],[[96.08913,46.99416],[96.08655,46.99105],[96.07875,46.98924],[96.06867,46.9931],[96.06225,46.99245]],[[96.11865,46.95533],[96.13,46.95478],[96.13683,46.96038],[96.14902,46.96318],[96.15127,46.96716],[96.1664,46.97447],[96.1773,46.97552],[96.1811,46.99388]],[[96.06225,46.99245],[96.06062,46.9916],[96.06318,46.98947]],[[95.93536,46.98062],[95.98326,46.99205],[96.00053,46.98796],[96.01803,46.99038],[96.02524,46.98732],[96.06318,46.98947]],[[96.06318,46.98947],[96.06489,46.98884]],[[96.06489,46.98884],[96.09437,46.98917]],[[96.0988,46.97188],[96.10152,46.98243],[96.09437,46.98917]],[[96.09027,46.96923],[96.07839,46.97941],[96.0694,46.98308],[96.06489,46.98884]],[[95.93271,46.98854],[95.93001,46.98293]],[[95.77426,46.98611],[95.78558,46.98269]],[[95.92519,46.98322],[95.92748,46.98364]],[[95.92566,46.98347],[95.92519,46.98322]],[[95.78558,46.98269],[95.77019,46.9826],[95.68874,46.96887]],[[95.92519,46.98322],[95.92327,46.98241]],[[95.92974,46.98149],[95.93001,46.98293]],[[95.93001,46.98293],[95.9277,46.98068]],[[95.78558,46.98269],[95.81185,46.98079]],[[95.81207,46.96704],[95.79007,46.97822],[95.78558,46.98269]],[[95.92476,46.98013],[95.92327,46.98241]],[[95.93232,46.98178],[95.93244,46.98225]],[[95.93244,46.98225],[95.93119,46.98223]],[[95.93232,46.98178],[95.92974,46.98149]],[[95.93206,46.98093],[95.93232,46.98178]],[[95.92973,46.98107],[95.92974,46.98149]],[[95.92973,46.98107],[95.93029,46.98101]],[[95.9277,46.98068],[95.92973,46.98107]],[[95.93029,46.98101],[95.93206,46.98093]],[[95.93052,46.97987],[95.93029,46.98101]],[[95.93206,46.98093],[95.93536,46.98062]],[[95.93052,46.97987],[95.93206,46.98093]],[[95.81185,46.98079],[95.84196,46.97712],[95.92231,46.97936]],[[95.9277,46.98068],[95.92733,46.97976]],[[95.9277,46.98068],[95.92476,46.98013]],[[95.93024,46.97851],[95.93536,46.98062]],[[95.92476,46.98013],[95.92478,46.97995]],[[95.92478,46.97995],[95.92481,46.9795]],[[95.92478,46.97995],[95.92399,46.97959]],[[95.93014,46.97959],[95.93052,46.97987]],[[95.92733,46.97976],[95.92931,46.97896]],[[95.92733,46.97976],[95.92481,46.9795]],[[95.92399,46.97959],[95.92481,46.9795]],[[95.92399,46.97959],[95.92231,46.97936]],[[95.93004,46.97904],[95.93014,46.97959]],[[95.92931,46.97896],[95.93014,46.97959]],[[95.93004,46.97904],[95.93318,46.9794]],[[95.92231,46.97936],[95.92241,46.9779]],[[95.93024,46.97851],[95.93004,46.97904]],[[95.92941,46.9787],[95.92931,46.97896]],[[95.92596,46.97852],[95.92931,46.97896]],[[95.93336,46.97857],[95.93045,46.97812]],[[95.92599,46.97838],[95.92596,46.97852]],[[95.92493,46.97844],[95.92596,46.97852]],[[95.93045,46.97812],[95.93024,46.97851]],[[95.9295,46.97841],[95.93024,46.97851]],[[95.92493,46.97844],[95.92514,46.97733]],[[95.92445,46.97838],[95.92493,46.97844]],[[95.92682,46.97738],[95.9295,46.97841]],[[95.93076,46.97784],[95.93349,46.97819]],[[95.93076,46.97784],[95.93045,46.97812]],[[95.93112,46.97751],[95.93465,46.97805]],[[95.92241,46.9779],[95.92346,46.97679]],[[95.92241,46.9779],[95.89167,46.9671]],[[95.93112,46.97751],[95.93076,46.97784]],[[95.93147,46.97722],[95.93469,46.9776]],[[95.93147,46.97722],[95.93112,46.97751]],[[95.92514,46.97733],[95.92682,46.97738]],[[95.92514,46.97733],[95.9251,46.97698]],[[95.93147,46.97722],[95.92913,46.97691]],[[95.93181,46.97683],[95.93147,46.97722]],[[95.92677,46.97715],[95.9251,46.97698]],[[95.93181,46.97683],[95.93439,46.97712]],[[95.9251,46.97698],[95.92393,46.97636]],[[95.9251,46.97698],[95.92346,46.97679]],[[95.92913,46.97691],[95.92892,46.9746]],[[95.93222,46.97628],[95.93181,46.97683]],[[95.92346,46.97679],[95.92393,46.97636]],[[95.92502,46.97543],[95.92697,46.97674]],[[95.93222,46.97628],[95.9344,46.97661]],[[95.92393,46.97636],[95.92502,46.97543]],[[95.92393,46.97636],[95.92004,46.97494]],[[95.93428,46.97435],[95.93222,46.97628]],[[95.92494,46.97503],[95.92502,46.97543]],[[95.92487,46.97454],[95.92494,46.97503]],[[95.92494,46.97503],[95.92004,46.97494]],[[95.92015,46.97385],[95.92004,46.97494]],[[95.92004,46.97494],[95.91917,46.974]],[[95.49603,46.97427],[95.5436,46.97079],[95.55336,46.96621],[95.57276,46.96308],[95.57428,46.95976],[95.57791,46.95947]],[[95.92892,46.9746],[95.92854,46.97225]],[[95.92179,46.95351],[95.92487,46.97454]],[[95.92487,46.97454],[95.92392,46.97437]],[[95.92392,46.97437],[95.90089,46.95803]],[[95.92392,46.97437],[95.92015,46.97385]],[[95.9347,46.97401],[95.93428,46.97435]],[[95.93233,46.97296],[95.93428,46.97435]],[[95.93497,46.97379],[95.9347,46.97401]],[[95.93302,46.97284],[95.9347,46.97401]],[[95.91917,46.974],[95.92015,46.97385]],[[95.91917,46.974],[95.91352,46.96863],[95.89572,46.95907]],[[95.93522,46.97325],[95.93497,46.97379]],[[95.93356,46.97271],[95.93497,46.97379]],[[95.93626,46.97089],[95.93522,46.97325]],[[95.93406,46.97243],[95.93522,46.97325]],[[96.09949,46.96601],[96.0988,46.97188]],[[96.09027,46.96923],[96.0988,46.97188]],[[96.09949,46.96601],[96.0934,46.9665],[96.09027,46.96923]],[[96.09448,46.95094],[96.08291,46.96853],[96.09027,46.96923]],[[95.81207,46.96704],[95.78811,46.96917],[95.72322,46.964],[95.70701,46.96475],[95.68874,46.96887]],[[95.68874,46.96887],[95.68743,46.96858]],[[95.68131,46.94964],[95.68743,46.96858]],[[95.89167,46.9671],[95.85542,46.96764]],[[95.85542,46.96764],[95.81207,46.96704]],[[95.87877,46.96265],[95.85542,46.96764]],[[95.89167,46.9671],[95.87877,46.96265]],[[96.10014,46.96576],[96.09949,46.96601]],[[96.10014,46.96576],[96.11865,46.95533]],[[96.09448,46.95094],[96.10203,46.96044],[96.10014,46.96576]],[[95.89572,46.95907],[95.87877,46.96265]],[[95.87877,46.96265],[95.83966,46.9517],[95.76814,46.91356]],[[95.68131,46.94964],[95.64419,46.95324],[95.61528,46.9526],[95.57791,46.95947]],[[95.90089,46.95803],[95.89572,46.95907]],[[95.89572,46.95907],[95.80107,46.90524]],[[95.92179,46.95351],[95.90089,46.95803]],[[95.90089,46.95803],[95.8292,46.8956],[95.82092,46.8927]],[[96.09392,46.9488],[96.11202,46.95546],[96.11865,46.95533]],[[96.11865,46.95533],[96.13138,46.94606]],[[95.93873,46.9507],[95.92179,46.95351]],[[95.91482,46.84984],[95.92687,46.8769],[95.91655,46.90521],[95.91519,46.93013],[95.92179,46.95351]],[[95.9496,46.95297],[95.97047,46.95003],[95.99208,46.94346]],[[96.09392,46.9488],[96.09448,46.95094]],[[95.76814,46.91356],[95.76226,46.91604],[95.72369,46.91483],[95.70745,46.93238],[95.68602,46.94401],[95.68131,46.94964]],[[96.06117,46.92072],[96.08344,46.93286],[96.09101,46.94136],[96.09392,46.9488]],[[96.22795,46.9254],[96.25349,46.93975],[96.27011,46.94607]],[[96.16639,46.92284],[96.15097,46.93066],[96.13138,46.94606]],[[96.13138,46.94606],[96.13956,46.93333],[96.14077,46.92513]],[[95.99208,46.94346],[96.01323,46.93473],[96.06117,46.92072]],[[95.99208,46.94346],[95.99596,46.93734]],[[96.01308,46.92914],[96.04146,46.92187]],[[96.1848,46.90814],[96.18736,46.91774],[96.19497,46.91684],[96.22795,46.9254]],[[96.22795,46.9254],[96.26619,46.8788],[96.27352,46.8734],[96.28309,46.87071],[96.29564,46.87156]],[[96.14077,46.92513],[96.10684,46.92116]],[[96.16639,46.92284],[96.14077,46.92513]],[[96.14077,46.92513],[96.13886,46.91329]],[[96.10684,46.92116],[96.08954,46.92261],[96.07121,46.91519]],[[96.1848,46.90814],[96.17996,46.91446],[96.16639,46.92284]],[[96.04146,46.92187],[96.0521,46.9197],[96.06117,46.92072]],[[96.07121,46.91519],[96.04146,46.92187]],[[96.10684,46.92116],[96.11214,46.92039]],[[96.07121,46.91519],[96.09495,46.91419],[96.11214,46.92039]],[[96.11214,46.92039],[96.13886,46.91329]],[[95.80107,46.90524],[95.79689,46.90933],[95.78703,46.90772],[95.76814,46.91356]],[[95.76814,46.91356],[95.75993,46.90939],[95.73958,46.88795],[95.73674,46.86177],[95.72843,46.8518],[95.73612,46.84835]],[[96.13886,46.91329],[96.17456,46.90136],[96.19358,46.89192]],[[96.13886,46.91329],[96.14059,46.89486]],[[96.18992,46.90171],[96.1848,46.90814]],[[95.82092,46.8927],[95.8026,46.90128],[95.80107,46.90524]],[[95.80107,46.90524],[95.79479,46.90216],[95.77466,46.88079],[95.75879,46.85732],[95.75049,46.85069],[95.73612,46.84835]],[[96.20323,46.88813],[96.19559,46.89843],[96.18992,46.90171]],[[96.19358,46.89192],[96.18992,46.90171]],[[96.14221,46.89168],[96.11811,46.89977]],[[96.14059,46.89486],[96.14221,46.89168]],[[95.91482,46.84984],[95.89305,46.8736],[95.86736,46.88764],[95.84836,46.89294],[95.82092,46.8927]],[[95.82092,46.8927],[95.81584,46.8899],[95.80129,46.86995],[95.79941,46.85326],[95.80275,46.84481]],[[96.19358,46.89192],[96.20323,46.88813]],[[96.18942,46.88194],[96.19358,46.89192]],[[96.19063,46.86305],[96.169,46.87995],[96.14221,46.89168]],[[96.14221,46.89168],[96.14578,46.87679],[96.16697,46.84161],[96.16902,46.82811],[96.18212,46.81289],[96.1828,46.80503]],[[96.22447,46.87139],[96.22549,46.87376],[96.2213,46.87778],[96.20323,46.88813]],[[96.19063,46.86305],[96.18942,46.88194]],[[96.05788,46.82333],[96.06295,46.82605],[96.07658,46.84216],[96.08342,46.88037]],[[96.0854,46.81402],[96.08091,46.82764],[96.08049,46.83981],[96.08834,46.87154]],[[96.18775,46.81304],[96.19913,46.82716],[96.22447,46.87139]],[[96.18775,46.81304],[96.19289,46.83626],[96.19063,46.86305]],[[96.29335,46.84718],[96.29719,46.8522]],[[96.27211,46.85187],[96.27275,46.85116]],[[96.25607,46.80446],[96.25143,46.81065],[96.25252,46.83201],[96.25479,46.83784],[96.27211,46.85187]],[[96.27275,46.85116],[96.27102,46.84649],[96.27382,46.82907],[96.28229,46.81502]],[[95.98844,46.82694],[95.97035,46.82956],[95.95878,46.83555],[95.93878,46.84113],[95.92852,46.84122],[95.92065,46.84419],[95.91611,46.84303],[95.91482,46.84984]],[[95.73612,46.84835],[95.73013,46.84434],[95.727,46.8372],[95.72994,46.83487],[95.73134,46.82228],[95.73407,46.82168],[95.7321,46.81832]],[[95.80275,46.84481],[95.8056,46.84068],[95.81689,46.83415]],[[95.80275,46.84481],[95.79726,46.83808],[95.79787,46.83214]],[[95.98844,46.82694],[95.99437,46.83212],[95.99559,46.84202]],[[95.9986,46.82256],[95.98844,46.82694]],[[95.97406,46.80614],[95.98844,46.82694]],[[96.0854,46.81402],[96.07342,46.82288],[96.06621,46.82485],[96.05788,46.82333]],[[96.05788,46.82333],[96.05033,46.82328],[96.0311,46.81309]],[[95.99875,46.82239],[95.9986,46.82256]],[[95.97414,46.80617],[95.99407,46.82144],[95.99875,46.82239]],[[96.00436,46.82076],[96.0199,46.81497]],[[96.0311,46.81309],[96.0199,46.81497]],[[96.0199,46.81497],[96.02361,46.80798]],[[96.1785,46.7997],[96.17313,46.8033],[96.16463,46.80436],[96.13501,46.79869],[96.12373,46.80654],[96.10454,46.80262],[96.09804,46.8101],[96.0854,46.81402]],[[96.0311,46.81309],[96.02361,46.80798]],[[96.1828,46.80503],[96.18775,46.81304]],[[96.02361,46.80798],[96.02017,46.80043]],[[96.02,46.80058],[96.00566,46.79907],[95.99221,46.80445],[95.97414,46.80617]],[[95.97406,46.80614],[95.97414,46.80617]],[[95.98273,46.77083],[95.9814,46.77501],[95.97217,46.78115],[95.97692,46.78928],[95.97273,46.80457],[95.97406,46.80614]],[[96.1828,46.80503],[96.18143,46.79972]],[[96.02017,46.80043],[96.02,46.80058]]]}},{"type":"Feature","properties":{"roadtype":"Хөрсөн зам","soum":"Эрдэнэ","soumCode":8252,"lengthKm":910.4},"geometry":{"type":"MultiLineString","coordinates":[[[97.32983,45.37252],[97.32549,45.36861]],[[97.32172,45.3642],[97.32129,45.36369]],[[97.32088,45.36321],[97.31746,45.35808],[97.31954,45.35037]],[[97.31966,45.35002],[97.32095,45.34389]],[[97.32247,45.33853],[97.32083,45.33654]],[[97.31823,45.33376],[97.3214,45.3239]],[[97.32226,45.32094],[97.32506,45.30988],[97.32373,45.30698]],[[97.32311,45.30514],[97.31994,45.28329],[97.3089,45.2698]],[[97.30865,45.26878],[97.30533,45.25704],[97.30309,45.25577]],[[97.30205,45.25437],[97.3048,45.24861],[97.3254,45.23873],[97.32811,45.23365],[97.32696,45.2311],[97.33598,45.22313]],[[97.60677,45.18033],[97.59559,45.18379],[97.58376,45.19389],[97.56707,45.20109],[97.55965,45.20806],[97.55192,45.22061],[97.52632,45.23659],[97.51568,45.23658],[97.48315,45.24616],[97.4444,45.25275],[97.40028,45.25117],[97.3814,45.24675],[97.38036,45.24432],[97.36808,45.23895],[97.35691,45.23873],[97.34355,45.23354],[97.33853,45.22799],[97.33862,45.2235],[97.33598,45.22313]],[[97.33598,45.22313],[97.33903,45.19565],[97.33497,45.18105]],[[97.60677,45.18033],[97.58093,45.18296],[97.56967,45.18837],[97.55078,45.1915],[97.54544,45.19569],[97.48459,45.19029],[97.4447,45.19156],[97.43379,45.18961],[97.40613,45.19471],[97.38959,45.20238],[97.36929,45.19392],[97.3705,45.19179],[97.35842,45.18751],[97.35795,45.1851],[97.34733,45.17863],[97.33497,45.18105]],[[97.33497,45.18105],[97.32223,45.17279],[97.30803,45.17119],[97.30037,45.17288],[97.29483,45.17035],[97.29435,45.16464],[97.28553,45.16614],[97.28229,45.16161],[97.28261,45.15764],[97.26975,45.15323],[97.26395,45.14493],[97.23487,45.14012],[97.23168,45.13576],[97.22123,45.13242],[97.21809,45.12656],[97.21233,45.12565],[97.21148,45.12185],[97.20312,45.11936],[97.1981,45.10964],[97.1832,45.10702],[97.17458,45.101],[97.16687,45.09999]],[[97.70265,45.16237],[97.68709,45.16248],[97.65147,45.17329],[97.60677,45.18033]],[[97.70713,45.16295],[97.70881,45.16318]],[[97.70872,45.16214],[97.70713,45.16295]],[[97.7059,45.16289],[97.70713,45.16295]],[[97.7059,45.16289],[97.70562,45.16199]],[[97.70265,45.16237],[97.7059,45.16289]],[[97.70385,45.16131],[97.70265,45.16237]],[[97.70142,45.16198],[97.70265,45.16237]],[[97.70562,45.16199],[97.70872,45.16214]],[[97.70562,45.16199],[97.70563,45.16128]],[[97.70278,45.16169],[97.70142,45.16198]],[[97.70142,45.16198],[97.70014,45.16113]],[[97.70385,45.16131],[97.70278,45.16169]],[[97.70278,45.16169],[97.7019,45.16082]],[[97.70881,45.1615],[97.7107,45.16065]],[[97.70773,45.16134],[97.70881,45.16136]],[[97.70773,45.16134],[97.70646,45.16054]],[[97.70563,45.16128],[97.70773,45.16134]],[[97.704,45.16099],[97.70385,45.16131]],[[97.70563,45.16128],[97.70569,45.16043]],[[97.70165,45.16061],[97.70014,45.16113]],[[97.70014,45.16113],[97.69986,45.1608]],[[97.7041,45.16063],[97.704,45.16099]],[[97.704,45.16099],[97.7019,45.16082]],[[97.7019,45.16082],[97.70165,45.16061]],[[97.69986,45.1608],[97.7002,45.16031]],[[97.69986,45.1608],[97.69937,45.16021]],[[97.7107,45.16065],[97.70997,45.15899]],[[97.7107,45.16065],[97.70896,45.16042]],[[97.70436,45.16028],[97.7041,45.16063]],[[97.7041,45.16063],[97.70163,45.16042]],[[97.70165,45.16061],[97.70163,45.16042]],[[97.70896,45.16042],[97.70894,45.16059]],[[97.70646,45.16054],[97.70582,45.16009]],[[97.70569,45.16043],[97.70582,45.16009]],[[97.70777,45.15946],[97.70896,45.16042]],[[97.70163,45.16042],[97.7002,45.16031]],[[97.7002,45.16031],[97.69937,45.16021]],[[97.69922,45.16],[97.70436,45.16028]],[[97.69937,45.16021],[97.69922,45.16]],[[97.70582,45.16009],[97.70494,45.15834]],[[97.69922,45.16],[97.69879,45.15965]],[[97.70454,45.1599],[97.69924,45.15962]],[[97.69924,45.15962],[97.69879,45.15965]],[[97.69879,45.15965],[97.69832,45.15891]],[[97.69944,45.15928],[97.69924,45.15962]],[[97.70624,45.15948],[97.70777,45.15946]],[[97.70464,45.1595],[97.69944,45.15928]],[[97.70777,45.15946],[97.70997,45.15899]],[[97.70503,45.15798],[97.70777,45.15946]],[[97.6993,45.15893],[97.69944,45.15928]],[[97.70472,45.15917],[97.70249,45.15906]],[[97.70249,45.15906],[97.70254,45.1587]],[[97.70249,45.15906],[97.6993,45.15893]],[[97.70997,45.15899],[97.71005,45.15801]],[[97.6993,45.15893],[97.69897,45.15891]],[[97.69897,45.15891],[97.69893,45.15856]],[[97.69897,45.15891],[97.69832,45.15891]],[[97.69832,45.15891],[97.69737,45.15858]],[[97.70481,45.15882],[97.70254,45.1587]],[[97.70254,45.1587],[97.69893,45.15856]],[[97.69851,45.15852],[97.69737,45.15858]],[[97.69737,45.15858],[97.68383,45.15754],[97.66176,45.1471],[97.62777,45.14106],[97.622,45.13781],[97.57005,45.12553],[97.52321,45.10012],[97.51662,45.09238],[97.50834,45.08744],[97.46515,45.06614],[97.46036,45.06165],[97.45817,45.05324],[97.45305,45.04925],[97.43759,45.0418],[97.41946,45.0407],[97.41138,45.03451],[97.40844,45.03775],[97.39499,45.03285],[97.39631,45.02835],[97.39349,45.02804],[97.39306,45.02408],[97.3861,45.0165],[97.38591,45.01143],[97.37138,45.00097],[97.37186,44.99807],[97.36875,44.99762],[97.36931,44.99538],[97.36623,44.99421],[97.36327,44.9866],[97.3568,44.98002],[97.35842,44.97779],[97.35663,44.97253],[97.34838,44.97018],[97.34906,44.95649],[97.35251,44.95202],[97.35489,44.92245],[97.34914,44.90253],[97.34106,44.8892],[97.3347,44.86862],[97.31997,44.84958],[97.31964,44.84084],[97.31589,44.83543],[97.31704,44.83072],[97.28115,44.82303]],[[97.69893,45.15856],[97.69851,45.15852]],[[97.69855,45.15817],[97.69851,45.15852]],[[97.70491,45.15846],[97.69855,45.15817]],[[97.69855,45.15817],[97.69789,45.15777]],[[97.705,45.1581],[97.69866,45.15779]],[[97.71005,45.15801],[97.71007,45.15749]],[[97.70512,45.15764],[97.71005,45.15801]],[[97.69866,45.15779],[97.69939,45.15741]],[[97.69866,45.15779],[97.69789,45.15777]],[[97.69789,45.15777],[97.6952,45.15382],[97.67802,45.14319],[97.6653,45.12838],[97.63636,45.11151],[97.61629,45.09297],[97.61539,45.07881],[97.6102,45.0746],[97.60324,45.06252],[97.61336,45.03778],[97.60855,45.02665],[97.5947,45.01533],[97.59322,45.00946],[97.60164,45.00223],[97.59223,44.98956],[97.5762,44.97778],[97.56239,44.94986],[97.55082,44.94099],[97.54682,44.94207],[97.52947,44.93154],[97.52384,44.93322],[97.52176,44.93082],[97.51609,44.93111],[97.51627,44.92899],[97.50399,44.92825],[97.49897,44.92318],[97.49181,44.92221],[97.4911,44.91914],[97.47946,44.91636],[97.48127,44.91402],[97.47908,44.91282],[97.4719,44.91173],[97.47289,44.90415],[97.46451,44.90295],[97.469,44.89583],[97.45964,44.86089],[97.46069,44.85413],[97.45527,44.83954],[97.45595,44.8334],[97.44966,44.81422]],[[97.70509,45.15776],[97.69939,45.15741]],[[97.71007,45.15749],[97.7101,45.15718]],[[97.70531,45.15704],[97.71007,45.15749]],[[97.69939,45.15741],[97.69955,45.15726]],[[97.7052,45.15739],[97.69998,45.15711]],[[97.69955,45.15726],[97.69998,45.15711]],[[97.69955,45.15726],[97.70012,45.15635]],[[97.7101,45.15718],[97.70966,45.15681]],[[97.7101,45.15718],[97.70536,45.15669]],[[97.69998,45.15711],[97.70195,45.15682]],[[97.70531,45.15702],[97.70195,45.15682]],[[97.70195,45.15682],[97.70203,45.15645]],[[97.70966,45.15681],[97.70955,45.15647]],[[97.70548,45.15617],[97.70966,45.15681]],[[97.70536,45.15669],[97.70203,45.15645]],[[97.70955,45.15647],[97.70931,45.15597]],[[97.70553,45.15579],[97.70955,45.15647]],[[97.70203,45.15645],[97.70012,45.15635]],[[97.70012,45.15635],[97.70286,45.15521]],[[97.70586,45.15499],[97.70931,45.15597]],[[97.70565,45.15542],[97.70931,45.15597]],[[97.70286,45.15521],[97.70565,45.15542]],[[97.70286,45.15521],[97.70648,45.15383]],[[97.70938,45.14938],[97.7205,45.14317],[97.74144,45.13881],[97.75862,45.12889],[97.7919,45.11743],[97.81193,45.10486],[97.82778,45.10122],[97.86331,45.08784],[97.91466,45.06164],[97.94112,45.04358],[97.96442,45.03274],[98.01094,45.01492],[98.05522,45.00908]],[[97.16417,45.10084],[97.15945,45.09717],[97.14097,45.09088]],[[97.13575,45.08892],[97.1336,45.08785]],[[97.13211,45.08648],[97.12975,45.08363]],[[97.12763,45.08056],[97.12276,45.07785]],[[97.12054,45.07721],[97.11954,45.07648]],[[97.11849,45.0747],[97.11772,45.07312]],[[97.11373,45.06704],[97.11317,45.06508]],[[97.11212,45.0634],[97.11085,45.06202]],[[97.10852,45.06235],[97.10472,45.06063]],[[97.1028,45.05789],[97.09484,45.05509]],[[97.09483,45.05382],[97.09488,45.05351]],[[98.05522,45.00908],[98.06744,45.00697],[98.10075,45.01824],[98.13154,45.01487]],[[98.13154,45.01487],[98.18398,45.00511],[98.20869,44.99656]],[[98.13154,45.01487],[98.15457,45.00068],[98.20869,44.99656]],[[98.05522,45.00908],[98.06468,45.00351],[98.07069,44.99333],[98.08887,44.97352],[98.09036,44.96061],[98.0953,44.95242],[98.15068,44.92219],[98.16294,44.9198],[98.18469,44.9108],[98.20258,44.90984],[98.23934,44.90097]],[[98.20869,44.99656],[98.24069,44.99773],[98.28248,44.98701]],[[97.16099,44.85327],[97.03242,44.85729]],[[97.65616,44.84514],[97.65455,44.84107],[97.65584,44.829],[97.64921,44.82247],[97.65191,44.82001],[97.65026,44.81605],[97.64024,44.8046],[97.5552,44.75274],[97.54445,44.74328]],[[97.0196,44.81655],[97.09682,44.8009],[97.12028,44.79412],[97.1652,44.79131],[97.18906,44.78458],[97.2163,44.79523],[97.27629,44.79809],[97.29451,44.81013],[97.30578,44.814],[97.31577,44.81435]],[[97.31577,44.81435],[97.31076,44.81556]],[[97.33098,44.81366],[97.31577,44.81435]],[[97.54445,44.74328],[97.52824,44.73583],[97.48846,44.72699],[97.47726,44.71607],[97.4535,44.7089],[97.4502,44.70306],[97.4295,44.68936],[97.42995,44.68515],[97.43957,44.67181],[97.45004,44.65099],[97.46133,44.64022]],[[97.88355,44.41662],[97.85829,44.42872],[97.8341,44.44589],[97.80033,44.45846],[97.78278,44.47637],[97.74959,44.49351],[97.73649,44.496],[97.72673,44.50352],[97.70401,44.51473],[97.68536,44.52846],[97.62463,44.55536],[97.59278,44.57396],[97.53341,44.5951],[97.51211,44.60866],[97.50485,44.61622],[97.47487,44.63009],[97.46133,44.64022]],[[97.46133,44.64022],[97.46613,44.6203],[97.48199,44.5928],[97.48745,44.58733],[97.48483,44.58105],[97.48419,44.56437],[97.48971,44.54461],[97.48817,44.53977],[97.49059,44.52611],[97.48849,44.51936],[97.48975,44.51069]],[[96.9615,44.59555],[96.98172,44.58876],[97.00857,44.57295],[97.07503,44.54891],[97.08544,44.54849],[97.10153,44.54241],[97.16085,44.51407],[97.19314,44.50437],[97.20805,44.49522],[97.24366,44.48202],[97.25792,44.48018],[97.27523,44.48372],[97.28851,44.48061],[97.3072,44.47277],[97.32292,44.45875],[97.34002,44.45355],[97.34721,44.44835],[97.34963,44.45796],[97.35675,44.46823],[97.356,44.47581],[97.35892,44.48199],[97.3829,44.50418],[97.39058,44.49888],[97.43073,44.48837],[97.44508,44.48057]],[[97.55814,44.33925],[97.56228,44.34726],[97.55734,44.36166],[97.55977,44.37158],[97.56773,44.3808],[97.57479,44.38502],[97.56631,44.39361],[97.56841,44.4013],[97.56646,44.40593],[97.57045,44.41574],[97.56601,44.42459],[97.54797,44.44353],[97.53695,44.46051],[97.52355,44.46559],[97.51144,44.48202],[97.50918,44.48228],[97.50014,44.50065],[97.49033,44.50623],[97.48975,44.51069]],[[97.48975,44.51069],[97.46223,44.4898]],[[97.46089,44.46604],[97.45871,44.47069],[97.46567,44.48031],[97.46144,44.48483],[97.46223,44.4898]],[[97.46223,44.4898],[97.44508,44.48057]],[[97.44508,44.48057],[97.45505,44.46886],[97.46089,44.46604]],[[97.44508,44.48057],[97.43547,44.47845],[97.42649,44.46982],[97.41781,44.46672],[97.40742,44.45817],[97.40385,44.4522],[97.39922,44.4504],[97.40025,44.44296],[97.39336,44.43642],[97.3938,44.4313],[97.40616,44.42191],[97.40455,44.41693],[97.41943,44.41463],[97.4324,44.40781],[97.44043,44.40955],[97.44788,44.41672],[97.45778,44.41772],[97.46282,44.42246],[97.47546,44.42057],[97.47834,44.42583],[97.48375,44.42739]],[[97.48375,44.42739],[97.48258,44.43834],[97.47227,44.44783],[97.46089,44.46604]],[[97.55644,44.33852],[97.54151,44.35582],[97.51713,44.37186],[97.49283,44.40102],[97.48674,44.41135],[97.48375,44.42739]],[[97.95153,44.38503],[97.94164,44.39028],[97.91217,44.39913],[97.90352,44.40381],[97.89972,44.40952],[97.8921,44.4147],[97.88355,44.41662]],[[97.7519,44.26695],[97.77527,44.338],[97.78961,44.35948],[97.86452,44.40803],[97.88355,44.41662]],[[97.58328,44.29679],[97.56286,44.31145],[97.5614,44.31634],[97.5631,44.32086],[97.55855,44.33094],[97.55814,44.33925]],[[97.55644,44.33852],[97.55814,44.33925]],[[97.7519,44.26695],[97.74698,44.26995],[97.73721,44.28272],[97.73418,44.29117],[97.74473,44.31107],[97.75693,44.322],[97.75692,44.32857],[97.76125,44.33644],[97.76012,44.33885],[97.7549,44.33878],[97.74341,44.33291],[97.73732,44.33528],[97.71811,44.33529],[97.67645,44.31582],[97.58328,44.29679]],[[96.92856,43.93339],[96.93717,43.94309],[96.95034,43.96664],[96.95745,43.97201],[96.95717,43.97914],[96.96323,43.98213],[96.99093,43.98446],[97.00677,43.98965],[97.00754,44.0031],[97.01851,44.00887],[97.05938,44.01407],[97.07455,44.02015],[97.08983,44.03574],[97.09311,44.04238],[97.10981,44.05422],[97.11442,44.06151],[97.15867,44.09875],[97.16834,44.11177],[97.17487,44.11444],[97.18118,44.12061],[97.19614,44.12914],[97.20619,44.13158],[97.24965,44.13538],[97.27054,44.15703],[97.27208,44.16736],[97.28304,44.18679],[97.28969,44.1869],[97.29705,44.19191],[97.30706,44.19461],[97.31145,44.21047],[97.30716,44.22181],[97.31112,44.22747],[97.32496,44.23566],[97.33124,44.24687],[97.33897,44.24904],[97.38115,44.27932],[97.42158,44.31553],[97.43706,44.32176],[97.43999,44.32572],[97.45435,44.3327],[97.465,44.33556],[97.51767,44.32181],[97.55644,44.33852]],[[97.95643,44.30429],[97.92126,44.28009],[97.9057,44.26594],[97.90328,44.26008]],[[97.77801,44.17284],[97.76659,44.17792],[97.7537,44.17858],[97.72236,44.18665],[97.69678,44.20183],[97.65686,44.21767],[97.6504,44.23216],[97.62252,44.25381],[97.60737,44.27548],[97.59031,44.29284],[97.58328,44.29679]],[[97.90328,44.26008],[97.89978,44.26219],[97.88258,44.26319],[97.86563,44.25565],[97.85926,44.25573],[97.84125,44.26097],[97.80179,44.25869],[97.7519,44.26695]],[[97.77801,44.17284],[97.77275,44.1775],[97.77172,44.19545],[97.76341,44.21598],[97.74989,44.23849],[97.74858,44.25828],[97.7519,44.26695]],[[97.90328,44.26008],[97.90697,44.24357],[97.89897,44.22647],[97.89918,44.21787],[97.89457,44.20883]],[[97.89457,44.20883],[97.87986,44.20854],[97.86755,44.20092],[97.86685,44.19753],[97.8584,44.19566],[97.82916,44.19698],[97.79581,44.17842],[97.77801,44.17284]],[[97.89457,44.20883],[97.93098,44.19633],[97.94646,44.182]],[[97.94646,44.182],[97.96318,44.19285]],[[97.94646,44.182],[97.94862,44.17722],[97.94751,44.1716],[97.95057,44.16891],[97.94898,44.15993],[97.95466,44.14794],[97.96637,44.14013]],[[97.9702,44.02483],[97.95175,44.02825],[97.94235,44.03641],[97.93287,44.04016],[97.88115,44.07534],[97.85245,44.0987],[97.852,44.11075],[97.85483,44.12142],[97.85145,44.13495],[97.83062,44.14851],[97.79654,44.16236],[97.77801,44.17284]],[[97.98352,44.05943],[97.98278,44.05838]],[[97.9826,44.05662],[97.98373,44.0531]],[[97.82489,42.95701],[97.78323,42.95985],[97.73768,42.95272],[97.72384,42.95311],[97.71738,42.95413],[97.70897,42.96027],[97.6829,42.96658],[97.62061,42.98812],[97.60664,42.99534],[97.59009,43.00812],[97.58853,43.02153],[97.57911,43.03676],[97.56982,43.04615],[97.56602,43.05525],[97.54571,43.06863],[97.5086,43.08329],[97.48472,43.09658],[97.44093,43.07105],[97.4152,43.06567],[97.39729,43.0549],[97.37864,43.04718],[97.36966,43.03976],[97.3326,43.03031],[97.31155,43.01669],[97.27584,42.99961],[97.25223,43.00911],[97.24497,43.00902],[97.22856,43.01429],[97.2005,43.02797],[97.13842,43.02182],[97.09776,43.02256],[97.08886,43.02642],[97.07226,43.02363],[97.04194,43.02879],[97.01534,43.01064],[96.9807,43.0013],[96.95997,42.99242],[96.9495,42.99598],[96.93782,42.98922],[96.94205,42.98588],[96.92668,42.98041],[96.83785,42.98652],[96.81275,42.98287],[96.80434,42.97994],[96.79588,42.97332],[96.77475,42.96862],[96.75157,42.95986],[96.7338,42.96993],[96.71599,42.97201],[96.70175,42.96986],[96.66959,42.97611]]]}},{"type":"Feature","properties":{"roadtype":"Хөрсөн зам","soum":"Цогт","soumCode":8240,"lengthKm":726},"geometry":{"type":"MultiLineString","coordinates":[[[96.49776,45.62234],[96.49216,45.62362],[96.49046,45.6291],[96.4832,45.63259],[96.47898,45.64013],[96.47008,45.64841],[96.4724,45.65399],[96.4709,45.66586],[96.46626,45.67312],[96.45359,45.6773],[96.44495,45.68299],[96.43162,45.69489],[96.42959,45.70426]],[[96.49776,45.62234],[96.50708,45.61851],[96.51641,45.60874],[96.52512,45.60485],[96.53712,45.60565],[96.55797,45.6027],[96.57135,45.59713],[96.57879,45.58858],[96.57844,45.57885],[96.58423,45.57305],[96.5834,45.56773],[96.59043,45.55762],[96.6117,45.54133],[96.61568,45.52867],[96.62199,45.51931],[96.63507,45.51321]],[[96.28384,45.61592],[96.29338,45.61332],[96.31751,45.6129],[96.33932,45.61702],[96.36114,45.61087],[96.36893,45.61201],[96.37661,45.60994],[96.40156,45.61591],[96.42242,45.61258],[96.43044,45.61315],[96.44237,45.6193],[96.45834,45.61748],[96.47695,45.62067],[96.48462,45.6189],[96.49776,45.62234]],[[96.71766,45.48459],[96.68219,45.49649],[96.65309,45.51162],[96.63507,45.51321]],[[96.63507,45.51321],[96.64033,45.50991],[96.6292,45.50015],[96.62813,45.49368],[96.62244,45.49126],[96.61718,45.48166],[96.61746,45.47599],[96.61214,45.46674],[96.6131,45.45554],[96.59386,45.4375],[96.59279,45.43449],[96.59588,45.42609],[96.59094,45.42225],[96.58987,45.41631],[96.60804,45.3962],[96.62944,45.3804],[96.6417,45.35805]],[[96.90337,45.41249],[96.86658,45.41663],[96.82955,45.42637],[96.81602,45.43352],[96.81173,45.44196],[96.80463,45.44494],[96.80441,45.45359],[96.80126,45.45657],[96.788,45.45802],[96.77924,45.46295],[96.76566,45.46529],[96.73802,45.47892],[96.71766,45.48459]],[[96.65674,45.35895],[96.68128,45.37666],[96.69184,45.38781],[96.69363,45.39875],[96.68943,45.41318],[96.68899,45.42679],[96.69112,45.43923],[96.69247,45.44376],[96.7007,45.45229],[96.71479,45.4601],[96.71748,45.47169],[96.71491,45.47868],[96.71766,45.48459]],[[97.09862,45.43394],[97.06404,45.43469],[97.04598,45.43059],[97.02542,45.43108],[97.00361,45.42721],[96.98278,45.41967]],[[96.98278,45.41967],[96.94592,45.41744]],[[97.08049,45.06215],[97.08288,45.07709],[97.09171,45.0863],[97.09552,45.09747],[97.10298,45.10363],[97.10042,45.10925],[97.1007,45.11874],[97.09518,45.13],[97.08205,45.13673],[97.08334,45.13829],[97.08049,45.14158],[97.083,45.14278],[97.08033,45.1481],[97.07381,45.15084],[97.05488,45.1671],[97.05585,45.16986],[97.05054,45.1784],[97.04939,45.18488],[97.03205,45.18948],[97.02632,45.19868],[97.02944,45.21915],[97.04254,45.23049],[97.03697,45.2377],[97.03627,45.24463],[97.03966,45.25297],[97.05142,45.26804],[97.05066,45.27647],[97.05495,45.28291],[97.0505,45.28693],[97.06109,45.29106],[97.06847,45.30326],[97.0644,45.30781],[97.04582,45.31396],[97.0383,45.3137],[97.03745,45.32117],[97.02371,45.33327],[97.02246,45.35365],[97.01752,45.36138],[97.00719,45.36304],[97.0029,45.36613],[97.02714,45.37148],[97.02517,45.37984],[97.01124,45.38784],[97.01121,45.39112],[97.00634,45.3954],[97.00363,45.40408],[96.99738,45.41185],[96.99123,45.41709],[96.98278,45.41967]],[[96.94592,45.41744],[96.93526,45.41249]],[[96.94592,45.41744],[96.90337,45.41249]],[[96.93526,45.41249],[96.92206,45.40988],[96.90337,45.41249]],[[96.90337,45.41249],[96.8552,45.40599],[96.79991,45.39309],[96.74057,45.38381],[96.71375,45.36987],[96.70008,45.3673],[96.68759,45.36012],[96.6736,45.36274],[96.65674,45.35895]],[[96.93526,45.41249],[96.8969,45.40245]],[[96.8969,45.40245],[96.84689,45.38865],[96.82262,45.37717],[96.79584,45.3693],[96.79458,45.36483],[96.78105,45.35996],[96.73767,45.35503]],[[96.73767,45.35503],[96.77438,45.37474],[96.78622,45.38719],[96.82382,45.39921],[96.84381,45.3974],[96.8969,45.40245]],[[97.32549,45.36861],[97.32172,45.3642]],[[97.32129,45.36369],[97.32088,45.36321]],[[96.64613,45.35213],[96.65674,45.35895]],[[96.64277,45.35597],[96.6417,45.35805]],[[96.6417,45.35805],[96.63874,45.35737],[96.63958,45.3559]],[[96.64284,45.3557],[96.64277,45.35597]],[[96.63981,45.35549],[96.64277,45.35597]],[[96.63958,45.3559],[96.63981,45.35549]],[[96.63958,45.3559],[96.63785,45.35558]],[[96.64299,45.35535],[96.64284,45.3557]],[[96.63994,45.35522],[96.64284,45.3557]],[[96.63981,45.35549],[96.63994,45.35522]],[[96.64319,45.35512],[96.64299,45.35535]],[[96.64004,45.35498],[96.64299,45.35535]],[[96.63994,45.35522],[96.64004,45.35498]],[[96.64333,45.35485],[96.64319,45.35512]],[[96.6403,45.35461],[96.64319,45.35512]],[[96.73767,45.35503],[96.72277,45.34891],[96.69329,45.34369],[96.65731,45.34786]],[[96.64004,45.35498],[96.64017,45.35477]],[[96.64346,45.35453],[96.64333,45.35485]],[[96.64049,45.35433],[96.64333,45.35485]],[[96.64017,45.35477],[96.6403,45.35461]],[[96.64017,45.35477],[96.63541,45.35383]],[[96.6403,45.35461],[96.64043,45.35442]],[[96.64362,45.35426],[96.64346,45.35453]],[[96.64071,45.35401],[96.64346,45.35453]],[[96.64043,45.35442],[96.64049,45.35433]],[[96.64043,45.35442],[96.63591,45.35354]],[[96.63452,45.35441],[96.63541,45.35383]],[[96.64049,45.35433],[96.64071,45.35401]],[[96.64384,45.35381],[96.64362,45.35426]],[[96.64091,45.35371],[96.64362,45.35426]],[[96.64071,45.35401],[96.64091,45.35371]],[[96.64071,45.35401],[96.63642,45.35329]],[[96.63541,45.35383],[96.63591,45.35354]],[[96.64389,45.35345],[96.64384,45.35381]],[[96.64097,45.3534],[96.64384,45.35381]],[[96.64091,45.35371],[96.64097,45.3534]],[[96.64091,45.35371],[96.637,45.35299]],[[96.63591,45.35354],[96.63642,45.35329]],[[96.64392,45.35302],[96.64389,45.35345]],[[96.64095,45.35297],[96.64389,45.35345]],[[96.64097,45.3534],[96.64095,45.35297]],[[96.64097,45.3534],[96.63738,45.35274]],[[96.63642,45.35329],[96.637,45.35299]],[[96.65274,45.35258],[96.65722,45.35323]],[[96.63754,45.35169],[96.63632,45.35303]],[[96.64395,45.35262],[96.64392,45.35302]],[[96.64104,45.3526],[96.64392,45.35302]],[[96.63738,45.35274],[96.637,45.35299]],[[96.64095,45.35297],[96.64103,45.35264]],[[96.64095,45.35297],[96.63788,45.35246]],[[96.637,45.35169],[96.63611,45.35282]],[[96.63788,45.35246],[96.63738,45.35274]],[[96.64103,45.35264],[96.64104,45.3526]],[[96.64103,45.35264],[96.63813,45.35216]],[[96.64394,45.35223],[96.64395,45.35262]],[[96.64122,45.35221],[96.64395,45.35262]],[[96.64613,45.35213],[96.65274,45.35258]],[[96.64104,45.3526],[96.64116,45.3524]],[[96.65843,45.35197],[96.65274,45.35258]],[[96.63813,45.35216],[96.63788,45.35246]],[[96.64116,45.3524],[96.64122,45.35221]],[[96.64116,45.3524],[96.6384,45.35184]],[[96.637,45.35169],[96.636,45.35239]],[[96.64399,45.35182],[96.64394,45.35223]],[[96.64145,45.35181],[96.64394,45.35223]],[[96.64122,45.35221],[96.64127,45.35211]],[[96.6384,45.35184],[96.63813,45.35216]],[[96.64519,45.35192],[96.64613,45.35213]],[[96.64127,45.35211],[96.64145,45.35181]],[[96.64127,45.35211],[96.63916,45.35152]],[[96.64519,45.35192],[96.64408,45.35128]],[[96.64731,45.35162],[96.64519,45.35192]],[[96.63852,45.35169],[96.6384,45.35184]],[[96.64406,45.35139],[96.64399,45.35182]],[[96.64178,45.35142],[96.64399,45.35182]],[[96.64145,45.35181],[96.64178,45.35142]],[[96.64145,45.35181],[96.63956,45.35118]],[[96.63754,45.35169],[96.63852,45.35169]],[[96.64731,45.35162],[96.65154,45.35157]],[[96.63852,45.35169],[96.63916,45.35152]],[[96.637,45.35169],[96.63754,45.35169]],[[96.65731,45.34786],[96.64731,45.35162]],[[96.63916,45.35152],[96.63956,45.35118]],[[96.64178,45.35142],[96.64208,45.35112]],[[96.64178,45.35142],[96.63995,45.35088]],[[96.64408,45.35128],[96.64406,45.35139]],[[96.64216,45.35107],[96.64406,45.35139]],[[96.64409,45.35099],[96.64408,45.35128]],[[96.63956,45.35118],[96.63995,45.35088]],[[96.64208,45.35112],[96.64216,45.35107]],[[96.64208,45.35112],[96.64197,45.35109]],[[96.64197,45.35109],[96.64269,45.34933]],[[96.64197,45.35109],[96.6405,45.35065]],[[96.64216,45.35107],[96.64254,45.35069]],[[96.64413,45.35058],[96.64409,45.35099]],[[96.64254,45.35069],[96.64409,45.35099]],[[96.63995,45.35088],[96.6405,45.35065]],[[96.63995,45.35088],[96.64003,45.35048]],[[96.64254,45.35069],[96.64263,45.35031]],[[96.6405,45.35065],[96.6422,45.34888]],[[96.64425,45.35018],[96.64413,45.35058]],[[96.64263,45.35031],[96.64413,45.35058]],[[96.64003,45.35048],[96.64107,45.34868]],[[96.64003,45.35048],[96.63823,45.34782]],[[97.31954,45.35037],[97.31966,45.35002]],[[96.64263,45.35031],[96.64273,45.34973]],[[96.64425,45.35018],[96.65024,45.34795]],[[96.6445,45.34925],[96.64425,45.35018]],[[96.64273,45.34973],[96.64425,45.35018]],[[96.64273,45.34973],[96.64269,45.34933]],[[96.64269,45.34933],[96.64255,45.34895]],[[96.64501,45.34772],[96.6445,45.34925]],[[96.64255,45.34895],[96.6445,45.34925]],[[96.64255,45.34895],[96.6424,45.34866]],[[96.6422,45.34888],[96.6424,45.34866]],[[96.6422,45.34888],[96.64107,45.34868]],[[96.64107,45.34868],[96.64106,45.34816]],[[96.6424,45.34866],[96.64227,45.34845]],[[96.64227,45.34845],[96.64275,45.34738]],[[96.64227,45.34845],[96.6422,45.34833]],[[96.6422,45.34833],[96.64202,45.34727]],[[96.6422,45.34833],[96.64135,45.34755]],[[96.64106,45.34816],[96.64135,45.34755]],[[96.64106,45.34816],[96.63823,45.34782]],[[96.65731,45.34786],[96.65254,45.34397],[96.66195,45.3391],[96.67693,45.32313],[96.67739,45.3165],[96.67463,45.31199],[96.6798,45.29279],[96.68471,45.28891],[96.69206,45.27653],[96.69046,45.27148],[96.68249,45.2625],[96.66511,45.25374],[96.66525,45.25087],[96.65789,45.24358],[96.65888,45.24157],[96.65517,45.24058],[96.65527,45.23716],[96.65219,45.23581],[96.65346,45.23318],[96.64899,45.22978],[96.65217,45.22418],[96.66535,45.21555],[96.66627,45.20861],[96.66335,45.20378],[96.66327,45.19781],[96.65791,45.19278],[96.65547,45.18666],[96.65676,45.16363],[96.64403,45.07805],[96.64688,45.06334],[96.72699,44.94537],[96.7507,44.92761]],[[96.63823,45.34782],[96.63826,45.34723]],[[96.6456,45.34576],[96.64501,45.34772]],[[96.64275,45.34738],[96.64501,45.34772]],[[96.64135,45.34755],[96.64139,45.34725]],[[96.64135,45.34755],[96.63826,45.34723]],[[96.64275,45.34738],[96.64361,45.34628]],[[96.64202,45.34727],[96.64275,45.34738]],[[96.64202,45.34727],[96.64204,45.34691]],[[96.64139,45.34725],[96.64135,45.34688]],[[96.64139,45.34725],[96.63811,45.34681]],[[96.63826,45.34723],[96.63811,45.34681]],[[96.64204,45.34691],[96.64241,45.34542]],[[96.64204,45.34691],[96.64117,45.34343]],[[96.64135,45.34688],[96.64129,45.34655]],[[96.64135,45.34688],[96.63825,45.34633]],[[96.63811,45.34681],[96.63825,45.34633]],[[96.64129,45.34655],[96.6412,45.34617]],[[96.63833,45.34607],[96.64129,45.34655]],[[96.64508,45.34574],[96.64361,45.34628]],[[96.63825,45.34633],[96.63833,45.34607]],[[96.64361,45.34628],[96.64376,45.34561]],[[96.6412,45.34617],[96.64108,45.34581]],[[96.6412,45.34617],[96.63834,45.34572]],[[96.63833,45.34607],[96.63834,45.34572]],[[96.64108,45.34581],[96.64068,45.34521]],[[96.64108,45.34581],[96.63831,45.34543]],[[96.64596,45.34446],[96.6456,45.34576]],[[96.64508,45.34574],[96.6456,45.34576]],[[96.64415,45.34558],[96.64508,45.34574]],[[96.63834,45.34572],[96.63831,45.34543]],[[96.64376,45.34561],[96.64415,45.34558]],[[96.64241,45.34542],[96.64376,45.34561]],[[96.64415,45.34558],[96.6442,45.34517]],[[96.63831,45.34543],[96.63747,45.34447]],[[96.64241,45.34542],[96.64266,45.34495]],[[96.63639,45.34533],[96.63747,45.34447]],[[96.64068,45.34521],[96.64023,45.3436]],[[96.64068,45.34521],[96.63747,45.34447]],[[96.6442,45.34517],[96.64424,45.34423]],[[96.6442,45.34517],[96.64266,45.34495]],[[96.64266,45.34495],[96.64328,45.34402]],[[96.64603,45.3437],[96.64596,45.34446]],[[96.64424,45.34423],[96.64596,45.34446]],[[96.64424,45.34423],[96.64438,45.34345]],[[96.64328,45.34402],[96.64424,45.34423]],[[96.64328,45.34402],[96.64438,45.34345]],[[97.32095,45.34389],[97.32247,45.33853]],[[96.64617,45.34284],[96.64603,45.3437]],[[96.64603,45.3437],[96.64438,45.34345]],[[96.64438,45.34345],[96.64617,45.34284]],[[96.64617,45.34284],[96.64778,45.34305]],[[97.32083,45.33654],[97.31823,45.33376]],[[97.3214,45.3239],[97.32226,45.32094]],[[97.32373,45.30698],[97.32311,45.30514]],[[97.3089,45.2698],[97.30865,45.26878]],[[97.30309,45.25577],[97.30205,45.25437]],[[97.16687,45.09999],[97.16417,45.10084]],[[97.14097,45.09088],[97.13575,45.08892]],[[97.1336,45.08785],[97.13211,45.08648]],[[97.12975,45.08363],[97.12763,45.08056]],[[97.12276,45.07785],[97.12054,45.07721]],[[97.11954,45.07648],[97.11849,45.0747]],[[97.11772,45.07312],[97.11373,45.06704]],[[97.11317,45.06508],[97.11212,45.0634]],[[96.04725,45.06345],[96.05523,45.05746],[96.07368,45.03115],[96.07834,45.01162],[96.08343,45.00183],[96.12556,45.00029],[96.145,44.9959],[96.1631,44.99634]],[[97.11085,45.06202],[97.10852,45.06235]],[[96.75897,44.92851],[96.81438,44.97113],[96.84308,44.99024],[96.86177,44.99722],[96.87985,45.00004],[96.91383,45.01401],[97.00719,45.03873],[97.02871,45.04849],[97.08049,45.06215]],[[97.09488,45.05351],[97.09409,45.05088],[97.08586,45.04965],[97.08049,45.06215]],[[97.10472,45.06063],[97.1028,45.05789]],[[97.09484,45.05509],[97.09483,45.05382]],[[96.6645,44.95825],[96.64761,44.96382],[96.6117,44.96486],[96.57927,44.97013],[96.55281,44.98516],[96.54329,44.9982],[96.52462,45.01224],[96.52484,45.01576],[96.50932,45.01391],[96.47676,45.02181],[96.47011,45.02588],[96.41039,45.00627],[96.38336,45.00562]],[[96.38336,45.00562],[96.33816,45.01268],[96.2987,45.01192],[96.27862,45.01573],[96.27052,45.01042],[96.25579,45.0141],[96.24112,45.01433],[96.23194,45.02024],[96.21625,45.02067],[96.19741,45.01778],[96.17307,44.99981],[96.1631,44.99634]],[[96.17341,44.99934],[96.20232,45.00645],[96.23065,45.00773],[96.23442,45.00205],[96.24086,44.9992],[96.26841,44.99134],[96.26558,44.95973]],[[96.38336,45.00562],[96.34812,44.995],[96.32225,44.99413],[96.30976,44.98247],[96.29454,44.95433],[96.27316,44.94225]],[[96.17341,44.99934],[96.20638,44.99995],[96.25222,44.9889],[96.26392,44.96972],[96.26558,44.95973]],[[96.1631,44.99634],[96.17341,44.99934]],[[96.26558,44.95973],[96.26781,44.95075]],[[96.6645,44.95825],[96.7455,44.92518]],[[96.7455,44.92518],[96.71406,44.92736],[96.67316,44.93925],[96.66493,44.94333],[96.6645,44.95825]],[[96.26781,44.95075],[96.27316,44.94225]],[[96.26781,44.95075],[96.26257,44.94329]],[[96.26257,44.94329],[96.26057,44.9377]],[[96.26257,44.94329],[96.25362,44.93598]],[[96.27316,44.94225],[96.26368,44.93894]],[[96.26368,44.93894],[96.27519,44.93886],[96.2744,44.93274],[96.27637,44.93035],[96.26143,44.91902],[96.25643,44.90676],[96.24915,44.89964],[96.24825,44.88651],[96.24064,44.88105],[96.22732,44.86559],[96.2177,44.86041],[96.21328,44.85529]],[[96.26368,44.93894],[96.26057,44.9377]],[[96.26057,44.9377],[96.25362,44.93598]],[[96.25362,44.93598],[96.25161,44.93467]],[[96.75573,44.92823],[96.75097,44.92746]],[[96.7602,44.92773],[96.75897,44.92851]],[[96.75663,44.92721],[96.75897,44.92851]],[[96.75629,44.92764],[96.75573,44.92823]],[[96.75573,44.92823],[96.75498,44.92785]],[[96.75528,44.92735],[96.75498,44.92785]],[[96.75498,44.92785],[96.75398,44.92758]],[[96.75753,44.92577],[96.76145,44.92686],[96.7602,44.92773]],[[96.75702,44.9263],[96.7602,44.92773]],[[96.74794,44.92605],[96.7507,44.92761]],[[96.75663,44.92721],[96.75629,44.92764]],[[96.75629,44.92764],[96.75528,44.92735]],[[96.75097,44.92746],[96.75398,44.92758]],[[96.7507,44.92761],[96.75097,44.92746]],[[96.75398,44.92758],[96.75172,44.92675]],[[96.75097,44.92746],[96.74794,44.92605]],[[96.75619,44.92705],[96.75528,44.92735]],[[96.75528,44.92735],[96.75219,44.92619]],[[96.75619,44.92705],[96.75663,44.92721]],[[96.75702,44.9263],[96.75619,44.92705]],[[96.75619,44.92705],[96.75341,44.92596]],[[96.75172,44.92675],[96.75219,44.92619]],[[96.75172,44.92675],[96.7487,44.92516]],[[96.75753,44.92577],[96.75702,44.9263]],[[96.75344,44.92509],[96.75702,44.9263]],[[96.75219,44.92619],[96.753,44.92569]],[[96.75219,44.92619],[96.75019,44.92554]],[[96.74601,44.92506],[96.74794,44.92605]],[[96.75341,44.92596],[96.75338,44.92546]],[[96.75341,44.92596],[96.753,44.92569]],[[96.75773,44.9254],[96.75753,44.92577]],[[96.753,44.92569],[96.75338,44.92546]],[[96.753,44.92569],[96.75061,44.92497]],[[96.75044,44.92501],[96.75019,44.92554]],[[96.75019,44.92554],[96.74926,44.92498]],[[96.75338,44.92546],[96.75344,44.92509]],[[96.75914,44.92402],[96.75773,44.9254]],[[96.75669,44.92496],[96.75773,44.9254]],[[96.74601,44.92506],[96.7455,44.92518]],[[96.74926,44.92498],[96.7487,44.92516]],[[96.7487,44.92516],[96.74697,44.92489]],[[96.75344,44.92509],[96.7537,44.92457]],[[96.74697,44.92489],[96.74601,44.92506]],[[96.75061,44.92497],[96.75044,44.92501]],[[96.75044,44.92501],[96.74926,44.92498]],[[96.74926,44.92498],[96.74944,44.9241]],[[96.75149,44.92446],[96.75061,44.92497]],[[96.75669,44.92496],[96.75777,44.92367]],[[96.75428,44.92411],[96.75669,44.92496]],[[96.74697,44.92489],[96.74929,44.92405]],[[96.75231,44.92354],[96.75149,44.92446]],[[96.75387,44.92398],[96.75428,44.92411]],[[96.74929,44.92405],[96.74968,44.9225]],[[96.75387,44.92398],[96.75334,44.92264]],[[96.75231,44.92354],[96.75387,44.92398]],[[96.75652,44.92246],[96.75955,44.92394]],[[96.75524,44.92372],[96.75533,44.92275]],[[96.75314,44.92261],[96.75231,44.92354]],[[96.74968,44.9225],[96.75231,44.92354]],[[96.75554,44.92275],[96.75728,44.9235]],[[96.75554,44.92275],[96.75607,44.92245]],[[96.75533,44.92275],[96.75554,44.92275]],[[96.75334,44.92264],[96.75533,44.92275]],[[96.75652,44.92246],[96.76599,44.92201]],[[96.75334,44.92264],[96.75314,44.92261]],[[96.74888,44.92174],[96.75314,44.92261]],[[96.74888,44.92174],[96.74968,44.9225]],[[96.75607,44.92245],[96.75652,44.92246]],[[96.75399,44.9222],[96.75607,44.92245]],[[96.72892,44.9183],[96.74283,44.91779],[96.74888,44.92174]],[[96.82363,44.84897],[96.82087,44.85412],[96.82075,44.86469],[96.82692,44.86995],[96.82963,44.87785],[96.82874,44.88302]],[[97.03242,44.85729],[96.97826,44.86251],[96.95528,44.86844]],[[96.51219,44.85702],[96.56362,44.85327],[96.58566,44.85514],[96.60383,44.85388],[96.62364,44.84698],[96.64642,44.84414],[96.65226,44.84571],[96.67055,44.84078],[96.71535,44.83616],[96.75248,44.84019],[96.79286,44.85327],[96.82363,44.84897]],[[96.82372,44.84895],[96.83208,44.84641],[96.85265,44.85261],[96.9027,44.84612],[96.91467,44.84025],[97.00642,44.82194],[97.0196,44.81655]],[[96.82363,44.84897],[96.82372,44.84895]],[[96.82372,44.84895],[96.82791,44.82105],[96.83788,44.7944],[96.83652,44.78316],[96.83891,44.76553],[96.83535,44.75629],[96.82749,44.7483],[96.826,44.74276],[96.82875,44.74061],[96.82569,44.74102],[96.8232,44.73782],[96.83086,44.73249],[96.83549,44.72058],[96.83228,44.71273],[96.84237,44.70121]],[[96.84237,44.70121],[96.84942,44.69569],[96.8587,44.68305],[96.86222,44.661]],[[96.84237,44.70121],[96.84907,44.68578],[96.84568,44.67247],[96.86222,44.661]],[[96.86222,44.661],[96.87341,44.65492],[96.89199,44.63092],[96.91588,44.61325]],[[96.91588,44.61325],[96.91766,44.61255]],[[96.91588,44.61325],[96.9154,44.61141]],[[96.91766,44.61255],[96.9615,44.59555]],[[96.91766,44.61255],[96.9154,44.61141]],[[96.9154,44.61141],[96.90896,44.60485],[96.90325,44.6051],[96.89554,44.59947],[96.89471,44.5957],[96.88734,44.59141],[96.87916,44.59091],[96.87704,44.58349],[96.86965,44.57732],[96.85427,44.56998],[96.83975,44.55692],[96.80072,44.53276],[96.74219,44.48965],[96.7426,44.48695],[96.73438,44.47873],[96.71508,44.45226],[96.71505,44.4494],[96.70415,44.44388],[96.69219,44.42908],[96.69409,44.42239],[96.69081,44.41628],[96.69324,44.41216],[96.6908,44.41096],[96.69029,44.40483],[96.70277,44.38184],[96.70073,44.3671],[96.69648,44.36282],[96.69697,44.35925],[96.71139,44.33975],[96.71613,44.31683],[96.72244,44.30874],[96.7293,44.30442],[96.73911,44.28511],[96.7397,44.27197],[96.75411,44.26502],[96.75449,44.2575],[96.75006,44.24517],[96.75385,44.23786],[96.75192,44.23326],[96.77041,44.22761],[96.77273,44.22332],[96.76698,44.216],[96.76446,44.20832],[96.76657,44.20422],[96.76212,44.18876],[96.76988,44.17169],[96.76723,44.16684],[96.76992,44.15417],[96.76611,44.14237],[96.76517,44.12833],[96.77325,44.09996]],[[96.77325,44.09996],[96.77698,44.09209],[96.77293,44.0849]],[[96.77293,44.0849],[96.77325,44.09996]],[[96.77293,44.0849],[96.79753,44.02803],[96.80062,44.00729],[96.80741,43.9979],[96.81542,43.99334],[96.81913,43.97785],[96.82768,43.96789]],[[96.82768,43.96789],[96.83597,43.96209]],[[96.82768,43.96789],[96.83328,43.95727],[96.8524,43.93548],[96.86485,43.92617],[96.86835,43.9191],[96.87441,43.91692],[96.87263,43.9129],[96.87472,43.90897],[96.86928,43.9047],[96.90711,43.91509],[96.92856,43.93339]],[[96.66959,42.97611],[96.62364,42.98688],[96.60808,42.99347],[96.57643,43.00189],[96.5618,43.00462],[96.55242,43.00265],[96.50143,43.02322],[96.47271,43.04274],[96.43549,43.06065],[96.39959,43.08307],[96.3823,43.0901],[96.36675,43.10495]]]}},{"type":"Feature","properties":{"roadtype":"Хөрсөн зам","soum":"Дэлгэр","soumCode":8219,"lengthKm":388.2},"geometry":{"type":"MultiLineString","coordinates":[[[97.37276,46.58357],[97.42264,46.59383],[97.46805,46.60856],[97.49685,46.61492]],[[97.29632,46.60464],[97.3015,46.60242],[97.28985,46.59033],[97.28591,46.57584],[97.28698,46.57166]],[[97.59248,46.5976],[97.59,46.59144],[97.59355,46.57865]],[[96.98943,46.58995],[96.99941,46.58596],[97.04829,46.58323],[97.13862,46.5695],[97.17841,46.56773]],[[97.59355,46.57865],[97.57169,46.56452],[97.5484,46.56153],[97.53842,46.55776],[97.51094,46.55439],[97.47733,46.55517],[97.43751,46.55174],[97.41242,46.55243],[97.30991,46.56982],[97.29268,46.56778]],[[97.28765,46.57116],[97.29049,46.57176]],[[97.29126,46.57141],[97.29614,46.57209]],[[97.29049,46.57176],[97.29126,46.57141]],[[97.28798,46.57077],[97.29049,46.57176]],[[97.28698,46.57166],[97.28765,46.57116]],[[97.28571,46.57132],[97.28698,46.57166]],[[97.28833,46.57041],[97.29126,46.57141]],[[97.28765,46.57116],[97.28798,46.57077]],[[97.28798,46.57077],[97.28833,46.57041]],[[97.28922,46.57042],[97.28961,46.57005]],[[97.28984,46.56892],[97.28735,46.57038]],[[97.28068,46.57018],[97.28047,46.57011]],[[97.28961,46.57005],[97.29131,46.56873]],[[97.28961,46.57005],[97.28984,46.56892]],[[97.10381,46.55911],[97.18386,46.55888],[97.2003,46.56073],[97.21421,46.55917],[97.28,46.57003]],[[97.28026,46.56995],[97.28239,46.56522]],[[97.28984,46.56892],[97.28979,46.56868]],[[97.29131,46.56873],[97.29193,46.56826]],[[97.28979,46.56868],[97.29131,46.56873]],[[97.28979,46.56868],[97.2897,46.56835]],[[97.2897,46.56835],[97.28967,46.56814]],[[97.2897,46.56835],[97.28755,46.56832]],[[97.29193,46.56826],[97.29268,46.56778]],[[97.28967,46.56814],[97.29193,46.56826]],[[97.28967,46.56814],[97.28963,46.56792]],[[97.28963,46.56792],[97.28623,46.56745]],[[97.28963,46.56792],[97.28969,46.56758]],[[97.29268,46.56778],[97.29322,46.56619]],[[97.29208,46.56774],[97.29268,46.56778]],[[97.2904,46.56686],[97.29208,46.56774]],[[97.28969,46.56758],[97.29208,46.56774]],[[97.28969,46.56758],[97.28771,46.5675]],[[97.28969,46.56758],[97.28982,46.56688]],[[97.28778,46.56681],[97.28771,46.5675]],[[97.28771,46.5675],[97.28623,46.56745]],[[97.28623,46.56745],[97.28636,46.56683]],[[97.28982,46.56688],[97.2904,46.56686]],[[97.28982,46.56688],[97.28778,46.56681]],[[97.2904,46.56686],[97.29074,46.56634]],[[97.28778,46.56681],[97.28636,46.56683]],[[97.28636,46.56683],[97.28837,46.56573]],[[97.28792,46.56635],[97.28778,46.56681]],[[97.29074,46.56634],[97.28792,46.56635]],[[97.28822,46.566],[97.28792,46.56635]],[[97.29074,46.56634],[97.29097,46.56608]],[[97.29322,46.56619],[97.29771,46.55663]],[[97.29322,46.56619],[97.29097,46.56608]],[[97.29097,46.56608],[97.29101,46.56583]],[[97.29097,46.56608],[97.28822,46.566]],[[97.28837,46.56573],[97.28822,46.566]],[[97.29101,46.56583],[97.29086,46.56529]],[[97.29101,46.56583],[97.28837,46.56573]],[[97.28839,46.56529],[97.28837,46.56573]],[[97.29086,46.56529],[97.29051,46.56483]],[[97.29086,46.56529],[97.28839,46.56529]],[[97.28841,46.56481],[97.28839,46.56529]],[[96.9551,46.44762],[96.94545,46.45437],[96.90239,46.47057],[96.89842,46.47913],[96.89282,46.48452],[96.8372,46.50717],[96.80825,46.50961]],[[97.10918,46.50656],[97.10645,46.50551]],[[97.10645,46.50551],[97.1304,46.49655]],[[97.10645,46.50551],[97.09109,46.49752]],[[97.08299,46.48208],[97.08805,46.48553],[97.09109,46.49752]],[[97.09109,46.49752],[97.08167,46.48993],[97.0806,46.4854],[97.08299,46.48208]],[[97.07634,46.47696],[97.08299,46.48208]],[[97.10444,46.47912],[97.09607,46.47219],[97.09306,46.46533],[97.07579,46.4485],[97.06527,46.4325],[97.05163,46.42111],[97.04297,46.40973]],[[97.04297,46.40973],[97.01229,46.42211],[96.97847,46.43206],[96.96091,46.44161],[96.9551,46.44762]],[[97.24409,46.3488],[97.20413,46.35797],[97.12209,46.38652],[97.08691,46.40419],[97.06289,46.405],[97.04297,46.40973]],[[97.04297,46.40973],[97.01137,46.38335],[96.98273,46.37071],[96.98105,46.36251]],[[97.36694,46.35793],[97.35166,46.36537],[97.34389,46.37332],[97.33326,46.39195],[97.33187,46.4044]],[[97.36776,46.35774],[97.36694,46.35793]],[[97.36503,46.35589],[97.36694,46.35793]],[[97.36858,46.35755],[97.36776,46.35774]],[[97.36503,46.35589],[97.36776,46.35774]],[[97.36903,46.35732],[97.36858,46.35755]],[[97.36533,46.3556],[97.36858,46.35755]],[[97.36957,46.35697],[97.36903,46.35732]],[[97.3641,46.3542],[97.36903,46.35732]],[[97.37034,46.35676],[97.36957,46.35697]],[[97.36443,46.35398],[97.36957,46.35697]],[[97.37179,46.35644],[97.37034,46.35676]],[[97.36991,46.35646],[97.37034,46.35676]],[[97.36991,46.35646],[97.37057,46.35587]],[[97.36781,46.35529],[97.36991,46.35646]],[[97.37359,46.35549],[97.37179,46.35644]],[[97.37102,46.35584],[97.37179,46.35644]],[[97.36877,46.35494],[97.37057,46.35587]],[[97.36533,46.3556],[97.36503,46.35589]],[[97.37057,46.35587],[97.37102,46.35584]],[[97.37085,46.35467],[97.37102,46.35584]],[[97.36374,46.35444],[97.36533,46.3556]],[[97.37451,46.35461],[97.37359,46.35549]],[[97.37204,46.35491],[97.37359,46.35549]],[[97.36831,46.35513],[97.36781,46.35529]],[[97.36497,46.35365],[97.36781,46.35529]],[[97.36369,46.35352],[97.30495,46.35517],[97.28148,46.35065],[97.24409,46.3488]],[[97.37204,46.35491],[97.37158,46.35519]],[[97.36877,46.35494],[97.36831,46.35513]],[[97.36831,46.35513],[97.36543,46.35336]],[[97.36928,46.35456],[97.36877,46.35494]],[[97.36615,46.35291],[97.36877,46.35494]],[[97.37195,46.35484],[97.37204,46.35491]],[[97.37305,46.35416],[97.37195,46.35484]],[[97.3715,46.3545],[97.37195,46.35484]],[[97.37085,46.35467],[97.3715,46.3545]],[[97.37034,46.35446],[97.37085,46.35467]],[[97.37468,46.35414],[97.37451,46.35461]],[[97.37317,46.354],[97.37451,46.35461]],[[97.36986,46.35411],[97.36928,46.35456]],[[97.3667,46.35263],[97.36928,46.35456]],[[97.37102,46.35414],[97.3715,46.3545]],[[97.37034,46.35446],[97.37102,46.35414]],[[97.36986,46.35411],[97.37034,46.35446]],[[97.37547,46.35359],[97.37606,46.35419]],[[97.37317,46.354],[97.37305,46.35416]],[[97.37205,46.35347],[97.37305,46.35416]],[[97.37547,46.35359],[97.37468,46.35414]],[[97.37468,46.35414],[97.37441,46.35291]],[[97.37077,46.35378],[97.37102,46.35414]],[[97.36865,46.35315],[97.36986,46.35411]],[[97.37327,46.35369],[97.37317,46.354]],[[97.37667,46.35386],[97.37547,46.35359]],[[97.37205,46.35347],[97.37153,46.35378]],[[97.37375,46.35328],[97.37327,46.35369]],[[97.3725,46.35316],[97.37327,46.35369]],[[97.36433,46.35349],[97.36369,46.35352]],[[97.36543,46.35336],[97.36433,46.35349]],[[97.3725,46.35316],[97.37205,46.35347]],[[97.37411,46.35309],[97.37375,46.35328]],[[97.37038,46.35085],[97.37375,46.35328]],[[97.36986,46.35134],[97.3725,46.35316]],[[97.36817,46.352],[97.36865,46.35315]],[[97.36723,46.3523],[97.36865,46.35315]],[[97.37441,46.35291],[97.37411,46.35309]],[[97.37093,46.35065],[97.37411,46.35309]],[[97.36292,46.35055],[97.36585,46.35308]],[[97.3748,46.35264],[97.37441,46.35291]],[[97.37168,46.35044],[97.37441,46.35291]],[[97.3663,46.35281],[97.36292,46.35055]],[[97.37511,46.35226],[97.3748,46.35264]],[[97.3748,46.35264],[97.37226,46.35028]],[[97.36321,46.3502],[97.3667,46.35263]],[[97.36723,46.3523],[97.36793,46.35176]],[[97.36723,46.3523],[97.36318,46.34951]],[[97.37275,46.35012],[97.37511,46.35226]],[[97.37275,46.35012],[97.37511,46.35226]],[[97.36817,46.352],[97.36986,46.35134]],[[97.36793,46.35176],[97.36817,46.352]],[[97.36793,46.35176],[97.37709,46.34451],[97.40029,46.31308],[97.41727,46.29546],[97.42218,46.28433]],[[97.36986,46.35134],[97.37038,46.35085]],[[97.37038,46.35085],[97.37093,46.35065]],[[97.37093,46.35065],[97.37168,46.35044]],[[97.36321,46.3502],[97.36292,46.35055]],[[97.37168,46.35044],[97.37226,46.35028]],[[97.37226,46.35028],[97.37275,46.35012]],[[97.36318,46.34951],[97.36321,46.3502]],[[97.36223,46.34021],[97.36318,46.34951]],[[97.24409,46.3488],[97.19846,46.34874],[97.13024,46.34292]],[[97.3109,46.33137],[97.2955,46.33734],[97.24409,46.3488]],[[97.79189,46.04415],[97.79121,46.05244],[97.78509,46.06554],[97.76655,46.09043],[97.75612,46.09414],[97.75449,46.09772],[97.73206,46.10956],[97.65735,46.1612],[97.64268,46.16873]],[[97.63453,46.16848],[97.63969,46.15914],[97.65394,46.14445],[97.75108,46.07589],[97.75772,46.06635],[97.79189,46.04415]],[[97.79189,46.04415],[97.79347,46.04064]],[[97.79347,46.04064],[97.80406,46.01792],[97.81163,46.0129]],[[97.93117,45.81063],[97.92631,45.82363],[97.87621,45.8571],[97.86325,45.87724],[97.84765,45.89078],[97.84224,45.90216],[97.82769,45.91714],[97.82975,45.9301],[97.82379,45.94717],[97.80377,45.98442],[97.79347,46.04064]],[[97.81163,46.0129],[97.82449,46.01546],[97.84639,46.01522],[97.87457,46.00424],[97.89141,45.9923],[97.9269,45.98158],[97.9614,45.96045],[98.00208,45.92834],[98.0504,45.90003]],[[97.81163,46.0129],[97.82622,45.99226],[97.84816,45.9832],[97.86373,45.96933],[97.88232,45.95732],[97.95464,45.94067],[97.97625,45.9294]],[[98.21404,45.96205],[98.21976,45.96118],[98.23121,45.96652]],[[97.97625,45.9294],[98.0504,45.90003]],[[97.97625,45.9294],[98.00581,45.90136],[98.04671,45.85514],[98.06303,45.84124],[98.0821,45.8295],[98.12019,45.78253],[98.15178,45.75974],[98.18602,45.74762]],[[98.0504,45.90003],[98.07812,45.88843],[98.11142,45.88558],[98.13673,45.87431],[98.13944,45.8686],[98.16121,45.85779],[98.19541,45.85048],[98.24606,45.83323],[98.27367,45.82907],[98.3263,45.81515],[98.39397,45.80633],[98.43019,45.79911]],[[97.93117,45.81063],[97.95894,45.78582],[98.03756,45.72791]],[[97.93322,45.8032],[97.93117,45.81063]],[[98.03756,45.72791],[98.06858,45.7066]]]}},{"type":"Feature","properties":{"roadtype":"Хөрсөн зам","soum":"Хөхморьт","soumCode":8237,"lengthKm":335.5},"geometry":{"type":"MultiLineString","coordinates":[[[94.51891,47.35617],[94.36513,47.40189],[94.35914,47.40499],[94.35921,47.41034],[94.35636,47.41413],[94.3357,47.43057],[94.32449,47.43185],[94.25747,47.47179],[94.21589,47.4934],[94.21481,47.49626],[94.22038,47.50469],[94.2352,47.50865],[94.30362,47.58086],[94.30789,47.59193],[94.31311,47.59832],[94.31433,47.60587],[94.31807,47.60949],[94.31977,47.62691],[94.32672,47.63636],[94.39057,47.66901],[94.44769,47.68723],[94.47146,47.68338],[94.49964,47.67498],[94.54068,47.67604],[94.57938,47.67107],[94.60185,47.67361],[94.62958,47.66726],[94.68062,47.6696],[94.7052,47.66682],[94.78601,47.66488],[94.80159,47.66084],[94.84442,47.65834],[94.86866,47.66195],[94.90315,47.65835],[94.91712,47.66763]],[[93.61759,47.64932],[93.61966,47.65418]],[[93.58577,47.60228],[93.60057,47.62735],[93.6149,47.64513]],[[93.58577,47.60228],[93.5818,47.59557],[93.58124,47.58612],[93.58575,47.57612],[93.64599,47.56193],[93.66267,47.54483],[93.6679,47.53327],[93.67542,47.52557]],[[93.51636,47.56582],[93.54257,47.57684],[93.58577,47.60228]],[[93.52647,47.55777],[93.60608,47.53859],[93.64535,47.53282],[93.67542,47.52557]],[[93.67542,47.52557],[93.74053,47.51346],[93.83366,47.48126],[93.91944,47.44635],[93.94617,47.43899],[93.95735,47.43962],[93.96889,47.43547],[93.98981,47.43435],[94.00195,47.42937],[94.06418,47.4211],[94.09228,47.42082],[94.19989,47.41182],[94.2123,47.40015],[94.23946,47.38159],[94.31248,47.36036],[94.46659,47.34769],[94.50673,47.35075],[94.52091,47.35541]],[[94.52935,47.36128],[94.53169,47.3613]],[[94.53169,47.3613],[94.53201,47.36087]],[[94.53075,47.36098],[94.53169,47.3613]],[[94.52935,47.36128],[94.53075,47.36098]],[[94.52636,47.35979],[94.52935,47.36128]],[[94.53014,47.36069],[94.53075,47.36098]],[[94.53201,47.36087],[94.53231,47.36057]],[[94.53062,47.3603],[94.53201,47.36087]],[[94.53014,47.36069],[94.53062,47.3603]],[[94.52934,47.36038],[94.53014,47.36069]],[[94.53231,47.36057],[94.53271,47.36025]],[[94.52668,47.35827],[94.53231,47.36057]],[[94.52934,47.36038],[94.53062,47.3603]],[[94.52636,47.35979],[94.52934,47.36038]],[[94.53271,47.36025],[94.53301,47.35991]],[[94.52686,47.35771],[94.53271,47.36025]],[[94.53301,47.35991],[94.53364,47.35963]],[[94.52741,47.35771],[94.53301,47.35991]],[[94.52513,47.35927],[94.52636,47.35979]],[[94.53364,47.35963],[94.53409,47.35937]],[[94.52789,47.35729],[94.53364,47.35963]],[[94.53409,47.35937],[94.53467,47.35883]],[[94.52662,47.35616],[94.53409,47.35937]],[[94.52638,47.35857],[94.52804,47.35933]],[[94.52349,47.35859],[94.52513,47.35927]],[[94.52349,47.35859],[94.52513,47.35927]],[[94.53467,47.35883],[94.53237,47.35741]],[[94.52947,47.3568],[94.53467,47.35883]],[[94.52211,47.3581],[94.52349,47.35859]],[[94.52638,47.35857],[94.52668,47.35827]],[[94.5255,47.35821],[94.52638,47.35857]],[[94.52668,47.35827],[94.52686,47.35771]],[[94.52582,47.35791],[94.52668,47.35827]],[[94.52582,47.35791],[94.5255,47.35821]],[[94.52456,47.35734],[94.5255,47.35821]],[[94.52211,47.3581],[94.5238,47.35717]],[[94.52211,47.3581],[94.51891,47.35617]],[[94.52551,47.35772],[94.52582,47.35791]],[[94.52551,47.35772],[94.52604,47.35706]],[[94.52456,47.35734],[94.52551,47.35772]],[[94.52741,47.35771],[94.52789,47.35729]],[[94.5269,47.3575],[94.52741,47.35771]],[[94.52686,47.35771],[94.5269,47.3575]],[[94.52604,47.35706],[94.5269,47.3575]],[[94.53237,47.35741],[94.52986,47.35609]],[[94.52969,47.35645],[94.53237,47.35741]],[[94.5239,47.35706],[94.52456,47.35734]],[[94.52637,47.35655],[94.52789,47.35729]],[[94.5238,47.35717],[94.5239,47.35706]],[[94.5238,47.35717],[94.52217,47.35652]],[[94.5239,47.35706],[94.52412,47.35681]],[[94.52604,47.35706],[94.52624,47.35672]],[[94.52604,47.35706],[94.52458,47.3564]],[[94.52412,47.35681],[94.52458,47.3564]],[[94.52412,47.35681],[94.52327,47.3564]],[[94.52947,47.3568],[94.52969,47.35645]],[[94.52684,47.35581],[94.52947,47.3568]],[[94.52624,47.35672],[94.52637,47.35655]],[[94.52624,47.35672],[94.52582,47.35657]],[[94.52582,47.35657],[94.52481,47.35618]],[[94.52582,47.35657],[94.52415,47.35563]],[[94.52637,47.35655],[94.52662,47.35616]],[[94.52217,47.35652],[94.52268,47.3562]],[[94.52217,47.35652],[94.52117,47.35611]],[[94.52969,47.35645],[94.52986,47.35609]],[[94.52712,47.35546],[94.52969,47.35645]],[[94.52327,47.3564],[94.52396,47.35578]],[[94.52327,47.3564],[94.52268,47.3562]],[[94.52458,47.3564],[94.52481,47.35618]],[[94.52458,47.3564],[94.52439,47.35597]],[[94.52268,47.3562],[94.52205,47.3559]],[[94.52481,47.35618],[94.52439,47.35597]],[[94.51941,47.35605],[94.51891,47.35617]],[[94.52662,47.35616],[94.52669,47.35602]],[[94.51941,47.35605],[94.52117,47.35611]],[[94.52117,47.35611],[94.52205,47.3559]],[[94.52986,47.35609],[94.53003,47.35578]],[[94.52744,47.35512],[94.52986,47.35609]],[[94.52091,47.35541],[94.51941,47.35605]],[[94.52669,47.35602],[94.52684,47.35581]],[[94.52669,47.35602],[94.52415,47.35563]],[[94.52439,47.35597],[94.52396,47.35578]],[[94.52205,47.3559],[94.5229,47.35517]],[[94.52205,47.3559],[94.52091,47.35541]],[[94.52684,47.35581],[94.52712,47.35546]],[[94.52396,47.35578],[94.52415,47.35563]],[[94.53003,47.35578],[94.52807,47.35447]],[[94.52776,47.35478],[94.53003,47.35578]],[[94.52415,47.35563],[94.52314,47.35512]],[[94.52712,47.35546],[94.52744,47.35512]],[[94.52419,47.35452],[94.52712,47.35546]],[[94.5229,47.35517],[94.52091,47.35541]],[[94.52314,47.35512],[94.5229,47.35517]],[[94.52744,47.35512],[94.52776,47.35478]],[[94.52419,47.35452],[94.52314,47.35512]],[[94.52776,47.35478],[94.52807,47.35447]],[[94.527,47.35306],[94.52419,47.35452]],[[94.52807,47.35447],[94.52846,47.35416]],[[94.52846,47.35416],[94.52877,47.35392]],[[94.52846,47.35416],[94.527,47.35306]],[[94.52877,47.35392],[94.53569,47.35141]],[[94.52877,47.35392],[94.5305,47.35257]],[[94.5305,47.35257],[94.527,47.35306]],[[94.5305,47.35257],[94.53181,47.34982]],[[94.53569,47.35141],[94.55691,47.34454],[94.56728,47.34373],[94.6043,47.34135],[94.66989,47.34134],[94.70155,47.33326],[94.74771,47.34252],[94.79035,47.34458],[94.8083,47.34327],[94.82832,47.33611],[94.83835,47.33608],[94.87846,47.32434],[94.90804,47.31267],[94.96375,47.30565],[95.00727,47.30618]],[[94.53181,47.34982],[94.53569,47.35141]],[[94.53181,47.34982],[94.53142,47.34806]],[[94.56463,47.32064],[94.53142,47.34806]],[[94.53142,47.34806],[94.54487,47.29205],[94.5513,47.27614],[94.5708,47.24131],[94.57477,47.22181],[94.59453,47.20236],[94.62032,47.1851]],[[94.70247,47.26399],[94.6484,47.27838],[94.6222,47.29441],[94.58206,47.31038],[94.56463,47.32064]],[[94.56463,47.32064],[94.57206,47.30586],[94.5819,47.26175],[94.58984,47.25091],[94.60875,47.23611],[94.60913,47.22533],[94.62032,47.1851]],[[94.85662,47.20026],[94.7652,47.2357],[94.74174,47.24169],[94.71978,47.2571],[94.70247,47.26399]],[[94.75495,47.17202],[94.71357,47.23908],[94.70247,47.26399]],[[94.62032,47.1851],[94.64271,47.16888],[94.65841,47.14522]]]}},{"type":"Feature","properties":{"roadtype":"Хөрсөн зам","soum":"Тайшир","soumCode":8225,"lengthKm":251},"geometry":{"type":"MultiLineString","coordinates":[[[96.66869,46.95459],[96.65656,46.95029],[96.61259,46.90123]],[[96.28229,46.81502],[96.314,46.78787],[96.34849,46.77604],[96.37809,46.77787],[96.39927,46.78516],[96.41297,46.78489]],[[96.26057,46.73552],[96.25777,46.75456],[96.25449,46.75995],[96.26607,46.76668],[96.26255,46.7713],[96.26142,46.77852],[96.2632,46.78038],[96.25604,46.79215],[96.25607,46.80446]],[[96.89093,46.73137],[96.8859,46.73385],[96.87673,46.73287],[96.86102,46.72681],[96.83186,46.72233],[96.8008,46.71398],[96.74878,46.71743],[96.72214,46.72211],[96.68952,46.72088],[96.64627,46.72989],[96.61507,46.74268],[96.55238,46.71498]],[[96.50826,46.71937],[96.52109,46.71661]],[[96.52503,46.71666],[96.52597,46.71791]],[[96.52466,46.71781],[96.5241,46.71706]],[[96.5252,46.71774],[96.52449,46.7169]],[[96.5241,46.71706],[96.52449,46.7169]],[[96.5241,46.71706],[96.52316,46.71602]],[[96.52449,46.7169],[96.52503,46.71666]],[[96.52503,46.71666],[96.52604,46.71603]],[[96.52439,46.71566],[96.52503,46.71666]],[[96.52109,46.71661],[96.52316,46.71602]],[[96.52434,46.71424],[96.52109,46.71661]],[[96.52738,46.71654],[96.52577,46.71517]],[[96.52774,46.71626],[96.52644,46.71509]],[[96.5281,46.71602],[96.52717,46.71499]],[[96.55071,46.71343],[96.55989,46.71545],[96.58371,46.71328],[96.60888,46.69743],[96.65141,46.69988]],[[96.52535,46.71529],[96.52434,46.71424]],[[96.52577,46.71517],[96.52468,46.714]],[[96.52644,46.71509],[96.52517,46.71369]],[[96.52468,46.714],[96.52434,46.71424]],[[96.52434,46.71424],[96.52321,46.71317]],[[96.52517,46.71369],[96.52468,46.714]],[[96.52468,46.714],[96.52363,46.713]],[[96.52552,46.71293],[96.52559,46.7134]],[[96.52995,46.71273],[96.52849,46.7134]],[[96.52552,46.71293],[96.52553,46.71279]],[[96.5245,46.7117],[96.52552,46.71293]],[[96.52664,46.71202],[96.52553,46.71279]],[[96.52553,46.71279],[96.52688,46.71115]],[[96.53173,46.71119],[96.52995,46.71273]],[[96.52995,46.71273],[96.52971,46.7119]],[[96.52735,46.71257],[96.52664,46.71202]],[[96.52885,46.7124],[96.52794,46.71083]],[[96.52725,46.71169],[96.52664,46.71202]],[[96.52798,46.71199],[96.5273,46.711]],[[96.52993,46.71178],[96.52919,46.7107]],[[96.52407,46.71114],[96.5245,46.7117]],[[96.53016,46.71157],[96.52957,46.71072]],[[96.53072,46.7114],[96.53039,46.7108]],[[96.53041,46.71139],[96.53003,46.71076]],[[96.52688,46.71115],[96.5273,46.711]],[[96.51023,46.67371],[96.51706,46.69847],[96.52407,46.71114]],[[96.5273,46.711],[96.52794,46.71083]],[[96.52794,46.71083],[96.52919,46.7107]],[[96.53039,46.7108],[96.5335,46.71056]],[[96.53003,46.71076],[96.53039,46.7108]],[[96.52957,46.71072],[96.53003,46.71076]],[[96.52919,46.7107],[96.52957,46.71072]],[[96.53749,46.6947],[96.54703,46.70919]],[[96.53749,46.6947],[96.52467,46.69902],[96.52607,46.70685]],[[96.55717,46.65036],[96.54222,46.67322],[96.53749,46.6947]],[[96.68988,46.56391],[96.67415,46.56926],[96.63289,46.59288],[96.57299,46.63473],[96.55717,46.65036]],[[96.62013,46.51967],[96.59745,46.54512],[96.59348,46.58345],[96.58317,46.59485],[96.56985,46.62302],[96.55988,46.63733],[96.55717,46.65036]],[[96.68988,46.56391],[96.74733,46.59119],[96.78428,46.61335],[96.81526,46.61855],[96.86914,46.60808],[96.96025,46.59916],[96.98746,46.59057]],[[96.36755,46.48254],[96.36318,46.50591],[96.36567,46.51765],[96.36296,46.55291],[96.37362,46.56896],[96.37297,46.57869],[96.38166,46.59394],[96.38597,46.59725],[96.38559,46.60194],[96.33758,46.60924],[96.31589,46.6155]],[[96.77761,46.53073],[96.68988,46.56391]],[[96.62013,46.51967],[96.63866,46.53383],[96.6461,46.53547],[96.6727,46.54976],[96.68215,46.56097],[96.68988,46.56391]],[[96.80825,46.50961],[96.78839,46.51666],[96.78618,46.52604],[96.77761,46.53073]],[[96.47164,46.47328],[96.45539,46.49064],[96.43338,46.50302],[96.41888,46.51554],[96.41642,46.5296]],[[96.6337,46.48937],[96.62956,46.49381],[96.62423,46.5154],[96.62013,46.51967]],[[96.54413,46.4862],[96.62013,46.51967]],[[96.68924,46.39524],[96.67573,46.41383],[96.66846,46.43321],[96.63891,46.47284],[96.6337,46.48937]],[[96.54413,46.4862],[96.50616,46.45149]],[[96.47164,46.47328],[96.54413,46.4862]],[[96.49768,46.4476],[96.49823,46.44974],[96.47164,46.47328]],[[96.3952,46.42774],[96.41648,46.44046],[96.4364,46.46225],[96.47164,46.47328]],[[96.35665,46.37159],[96.37092,46.39793],[96.37016,46.40282]],[[96.36074,46.35945],[96.35919,46.36406]],[[96.42261,46.24273],[96.38255,46.26676],[96.34937,46.29142]],[[96.31333,46.27252],[96.36911,46.25693]],[[96.37392,46.25566],[96.40716,46.24683]]]}},{"type":"Feature","properties":{"roadtype":"Хөрсөн зам","soum":"Чандмань","soumCode":8246,"lengthKm":286.3},"geometry":{"type":"MultiLineString","coordinates":[[[97.86428,45.69489],[97.91243,45.74405],[97.93322,45.8032]],[[98.06933,45.70574],[98.24634,45.71516],[98.4617,45.7021]],[[98.06858,45.7066],[98.06933,45.70574]],[[98.06933,45.70574],[98.11078,45.66293],[98.12193,45.64702],[98.13827,45.61106],[98.14401,45.59742],[98.13855,45.5436],[98.13598,45.53589],[98.12363,45.52056],[98.11703,45.50405],[98.09773,45.48396],[98.09015,45.4606],[98.06827,45.44822],[98.07275,45.43859],[98.07158,45.43625],[98.07465,45.4379],[98.07474,45.4342],[98.07848,45.43351],[98.07588,45.42069],[98.07936,45.41905],[98.07833,45.41639],[98.08397,45.4107],[98.08473,45.40657],[98.09028,45.40361],[98.083,45.39977],[98.07978,45.38615],[98.02631,45.34989],[97.995,45.33824]],[[97.80062,45.46506],[97.80956,45.47715],[97.80772,45.48564],[97.81836,45.50607],[97.8363,45.51338],[97.84153,45.51853],[97.84155,45.52127],[97.82964,45.53026],[97.83115,45.53443],[97.82462,45.542],[97.82547,45.55139],[97.82101,45.55581],[97.81958,45.56453],[97.8313,45.58877],[97.83805,45.59487],[97.83659,45.60279],[97.84896,45.61927],[97.86123,45.69033],[97.86428,45.69489]],[[97.62645,45.63926],[97.63952,45.63515],[97.67635,45.62986],[97.7182,45.5994],[97.73398,45.58168],[97.76059,45.56129],[97.76294,45.55682],[97.75987,45.55187],[97.76284,45.5425],[97.75995,45.54015],[97.77928,45.52698],[97.773,45.52157],[97.77319,45.51809],[97.78271,45.49606],[97.79652,45.47954],[97.80062,45.46506]],[[97.98861,45.34045],[97.97434,45.35044],[97.94927,45.37598],[97.93947,45.38183],[97.88439,45.40532],[97.85095,45.41068],[97.80918,45.42838],[97.7861,45.44632],[97.78989,45.45378],[97.79702,45.45715],[97.80062,45.46506]],[[97.75773,45.42576],[97.79335,45.41576],[97.81812,45.41185],[97.89231,45.38907],[97.97042,45.34709],[97.98861,45.34045]],[[97.98927,45.34013],[97.98861,45.34045]],[[97.99174,45.33905],[97.99267,45.33888]],[[97.9899,45.33602],[97.99174,45.33905]],[[97.99118,45.33873],[97.99174,45.33905]],[[97.99067,45.33899],[97.98603,45.33712]],[[97.99267,45.33888],[97.99328,45.33871]],[[97.99103,45.33576],[97.99267,45.33888]],[[97.99328,45.33871],[97.99384,45.33856]],[[97.99157,45.33562],[97.99328,45.33871]],[[97.99384,45.33856],[97.99436,45.3384]],[[97.99214,45.33547],[97.99384,45.33856]],[[97.99436,45.3384],[97.995,45.33824]],[[97.99265,45.33533],[97.99436,45.3384]],[[97.995,45.33824],[97.99567,45.33803]],[[97.99323,45.33514],[97.995,45.33824]],[[97.99567,45.33803],[97.99629,45.33785]],[[97.99379,45.33485],[97.99567,45.33803]],[[97.99629,45.33785],[97.99674,45.33773]],[[97.99433,45.33452],[97.99629,45.33785]],[[97.99674,45.33773],[97.99719,45.33759]],[[97.99467,45.33431],[97.99674,45.33773]],[[97.98603,45.33712],[97.93057,45.33702],[97.88763,45.32955],[97.8677,45.32225]],[[97.99719,45.33759],[97.99774,45.33741]],[[97.99498,45.33408],[97.99719,45.33759]],[[97.9885,45.3361],[97.99009,45.33715]],[[97.99774,45.33741],[97.9983,45.33723]],[[97.99549,45.3339],[97.99774,45.33741]],[[97.9983,45.33723],[97.99649,45.3334]],[[97.99598,45.33373],[97.9983,45.33723]],[[97.98603,45.33712],[97.9885,45.3361]],[[97.99048,45.33592],[97.99107,45.33694]],[[97.98924,45.33597],[97.9885,45.3361]],[[97.98914,45.33585],[97.98924,45.33597]],[[97.9899,45.33441],[97.99023,45.33596]],[[97.99048,45.33592],[97.99013,45.33452]],[[97.98774,45.33514],[97.98914,45.33585]],[[97.98914,45.33585],[97.98774,45.33514]],[[97.98774,45.33514],[97.98704,45.33406]],[[97.99013,45.33452],[97.99014,45.33396]],[[97.99013,45.33452],[97.9899,45.33441]],[[97.98966,45.33396],[97.9899,45.33441]],[[97.99431,45.33296],[97.99498,45.33408]],[[97.99032,45.33332],[97.99108,45.33408]],[[97.98704,45.33406],[97.98857,45.33347]],[[97.98704,45.33406],[97.98776,45.33244]],[[97.99076,45.3323],[97.99163,45.33382]],[[97.99263,45.3337],[97.9934,45.33343]],[[97.99186,45.33213],[97.99263,45.3337]],[[97.99032,45.33332],[97.98899,45.33268]],[[97.9934,45.33343],[97.99379,45.33308]],[[97.9934,45.33343],[97.99259,45.33215]],[[97.99649,45.3334],[97.99681,45.33243]],[[97.98989,45.3325],[97.99032,45.33332]],[[97.99379,45.33308],[97.99431,45.33296]],[[97.99379,45.33308],[97.99328,45.33216]],[[97.99431,45.33296],[97.99389,45.33205]],[[97.98899,45.33268],[97.98989,45.3325]],[[97.98899,45.33268],[97.98828,45.33245]],[[97.99076,45.3323],[97.98989,45.3325]],[[97.98989,45.3325],[97.98972,45.33236]],[[97.99829,45.33231],[97.99681,45.33243]],[[97.98876,45.33223],[97.98828,45.33245]],[[97.98828,45.33245],[97.98776,45.33244]],[[97.98776,45.33244],[97.986,45.32925]],[[97.99681,45.33243],[98.00571,45.31546],[98.0136,45.30653],[98.06861,45.26896],[98.09551,45.24215],[98.12712,45.24367],[98.14715,45.24718]],[[97.99681,45.33243],[97.99451,45.33193]],[[97.98972,45.33236],[97.98897,45.33117]],[[97.98972,45.33236],[97.98876,45.33223]],[[97.99125,45.33213],[97.99076,45.3323]],[[97.98876,45.33223],[97.98847,45.33176]],[[97.99328,45.33216],[97.99259,45.33215]],[[97.99259,45.33215],[97.99186,45.33213]],[[97.99328,45.33216],[97.99267,45.33124]],[[97.99259,45.33215],[97.99013,45.32817]],[[97.99186,45.33213],[97.98972,45.32841]],[[97.99186,45.33213],[97.99125,45.33213]],[[97.99125,45.33213],[97.98954,45.32962]],[[97.99451,45.33193],[97.99389,45.33205]],[[97.99389,45.33205],[97.99329,45.33101]],[[97.98847,45.33176],[97.98897,45.33117]],[[97.98847,45.33176],[97.986,45.32925]],[[97.99329,45.33101],[97.99267,45.33124]],[[97.99267,45.33124],[97.99243,45.33085]],[[97.98897,45.33117],[97.98887,45.32991]],[[97.99384,45.33076],[97.99329,45.33101]],[[97.99329,45.33101],[97.99303,45.33068]],[[97.99303,45.33068],[97.99243,45.33085]],[[97.99243,45.33085],[97.99066,45.3279]],[[97.99179,45.3274],[97.99384,45.33076]],[[97.99303,45.33068],[97.99201,45.32894]],[[97.98887,45.32991],[97.98954,45.32962]],[[97.98577,45.32875],[97.98887,45.32991]],[[97.98954,45.32962],[97.98894,45.32865]],[[97.98577,45.32875],[97.986,45.32925]],[[97.8677,45.32225],[97.87823,45.32113],[97.90163,45.32554],[97.95496,45.32059],[97.98577,45.32875]],[[97.8677,45.32225],[97.85619,45.31322],[97.83955,45.30727],[97.82069,45.29559],[97.81597,45.27368]],[[98.14715,45.24718],[98.19723,45.2677],[98.22529,45.27153],[98.2704,45.28181],[98.29527,45.28245]],[[98.38778,45.17515],[98.36729,45.1807],[98.34963,45.18884],[98.32441,45.20708],[98.31583,45.2081],[98.30369,45.204],[98.28288,45.2038],[98.26964,45.21112],[98.2304,45.22613],[98.18251,45.23674],[98.15925,45.2457],[98.14715,45.24718]]]}},{"type":"Feature","properties":{"roadtype":"Хөрсөн зам","soum":"Шарга","soumCode":8249,"lengthKm":99.3},"geometry":{"type":"MultiLineString","coordinates":[[[95.85825,46.37429],[95.8476,46.38747],[95.84789,46.39671],[95.84427,46.40643],[95.84633,46.40897]],[[94.64161,46.19958],[94.68081,46.19649],[94.73562,46.20078],[94.75427,46.2052],[94.80752,46.20804],[94.83009,46.22147],[94.84136,46.22481],[94.84845,46.23114],[94.86803,46.23299],[94.87975,46.24277],[94.89437,46.24808],[94.90296,46.25502],[94.91418,46.26025],[94.92173,46.2609],[94.9665,46.28465],[94.97659,46.28642],[95.0102,46.30152],[95.02664,46.31436],[95.03541,46.31777],[95.0519,46.31923],[95.05629,46.32202],[95.08685,46.31631],[95.12917,46.29694],[95.15218,46.29042],[95.21671,46.27969],[95.23818,46.27845],[95.26772,46.27207]],[[95.29315,46.22631],[95.29836,46.23382],[95.31046,46.23939],[95.34066,46.26408],[95.37334,46.28355]],[[95.27124,46.28043],[95.27232,46.27867]],[[95.27232,46.27867],[95.27262,46.27705]],[[95.27232,46.27867],[95.27005,46.27485]],[[95.27436,46.27482],[95.27262,46.27705]],[[95.27262,46.27705],[95.27245,46.27416]],[[95.27005,46.27485],[95.27143,46.27397]],[[95.27005,46.27485],[95.27059,46.27348]],[[95.27426,46.2744],[95.27436,46.27482]],[[95.27245,46.27416],[95.27436,46.27482]],[[95.27437,46.27393],[95.2759,46.27458]],[[95.27437,46.27393],[95.27426,46.2744]],[[95.27258,46.27378],[95.27426,46.2744]],[[95.27245,46.27416],[95.27258,46.27378]],[[95.27364,46.27256],[95.27808,46.27412]],[[95.27397,46.27231],[95.27967,46.27407]],[[95.27143,46.27397],[95.27212,46.27379]],[[95.27143,46.27397],[95.27059,46.27348]],[[95.27284,46.27329],[95.27437,46.27393]],[[95.27441,46.27186],[95.2799,46.27381]],[[95.27212,46.27379],[95.27257,46.27365]],[[95.27212,46.27379],[95.27055,46.27294]],[[95.27258,46.27378],[95.27257,46.27365]],[[95.27257,46.27365],[95.27261,46.27354]],[[95.27261,46.27354],[95.27284,46.27329]],[[95.27261,46.27354],[95.27079,46.27268]],[[95.27059,46.27348],[95.27051,46.27337]],[[95.27051,46.27337],[95.27055,46.27294]],[[95.27051,46.27337],[95.26772,46.27207]],[[95.27284,46.27329],[95.27319,46.27295]],[[95.27284,46.27329],[95.26959,46.2717]],[[95.27319,46.27295],[95.27352,46.27266]],[[95.27319,46.27295],[95.27002,46.27136]],[[95.27055,46.27294],[95.27079,46.27268]],[[95.27055,46.27294],[95.269,46.27216]],[[95.27079,46.27268],[95.26928,46.27192]],[[95.27352,46.27266],[95.27364,46.27256]],[[95.27352,46.27266],[95.27067,46.27118]],[[95.27364,46.27256],[95.27397,46.27231]],[[95.27462,46.27151],[95.27722,46.27246]],[[95.27397,46.27231],[95.27412,46.27204]],[[95.27397,46.27231],[95.27118,46.27102]],[[95.269,46.27216],[95.26928,46.27192]],[[95.269,46.27216],[95.26842,46.27185]],[[95.26772,46.27207],[95.26842,46.27185]],[[95.27412,46.27204],[95.27441,46.27186]],[[95.27412,46.27204],[95.27411,46.27181]],[[95.26928,46.27192],[95.26959,46.2717]],[[95.27441,46.27186],[95.27462,46.27151]],[[95.26842,46.27185],[95.26959,46.2717]],[[95.27411,46.27181],[95.27405,46.27135]],[[95.27411,46.27181],[95.27166,46.2709]],[[95.26959,46.2717],[95.27002,46.27136]],[[95.27462,46.27151],[95.27468,46.26963]],[[95.27405,46.27135],[95.27462,46.27151]],[[95.27002,46.27136],[95.27037,46.27101]],[[95.27002,46.27136],[95.26845,46.27003]],[[95.27405,46.27135],[95.27377,46.2704]],[[95.27405,46.27135],[95.2725,46.27066]],[[95.27067,46.27118],[95.27118,46.27102]],[[95.27067,46.27118],[95.27037,46.27101]],[[95.27118,46.27102],[95.27166,46.2709]],[[95.27118,46.27102],[95.27012,46.27029]],[[95.27037,46.27101],[95.26845,46.27003]],[[95.27166,46.2709],[95.27196,46.27064]],[[95.27033,46.27001],[95.27166,46.2709]],[[95.2725,46.27066],[95.2729,46.27055]],[[95.2725,46.27066],[95.27196,46.27064]],[[95.27196,46.27064],[95.2724,46.2701]],[[95.2729,46.27055],[95.27377,46.2704]],[[95.2729,46.27055],[95.2724,46.2701]],[[95.27377,46.2704],[95.27377,46.27033]],[[95.27377,46.27033],[95.27378,46.27002]],[[95.27253,46.26973],[95.27377,46.27033]],[[95.27033,46.27001],[95.27012,46.27029]],[[95.27012,46.27029],[95.26871,46.26945]],[[95.2724,46.2701],[95.27253,46.26973]],[[95.26845,46.27003],[95.26871,46.26945]],[[95.27378,46.27002],[95.27396,46.26976]],[[95.27257,46.26946],[95.27378,46.27002]],[[95.27066,46.26856],[95.27033,46.27001]],[[95.2701,46.26921],[95.27033,46.27001]],[[95.27396,46.26976],[95.27424,46.26941]],[[95.27263,46.26906],[95.27396,46.26976]],[[95.27253,46.26973],[95.27257,46.26946]],[[95.27468,46.26963],[95.27411,46.2682]],[[95.27257,46.26946],[95.27263,46.26906]],[[95.26871,46.26945],[95.26953,46.26867]],[[95.27066,46.26856],[95.2701,46.26921]],[[95.2701,46.26921],[95.26953,46.26867]],[[95.27091,46.26815],[95.27263,46.26906]],[[95.26953,46.26867],[95.26917,46.2683]],[[95.27083,46.26823],[95.27066,46.26856]],[[95.26991,46.26764],[95.26917,46.2683]],[[95.26917,46.2683],[95.2687,46.26701]],[[95.27091,46.26815],[95.27083,46.26823]],[[95.27083,46.26823],[95.26991,46.26764]],[[95.27411,46.2682],[95.27408,46.26715]],[[95.27411,46.2682],[95.27203,46.26736]],[[95.27126,46.26793],[95.27091,46.26815]],[[95.26983,46.26718],[95.27126,46.26793]],[[95.26991,46.26764],[95.26955,46.26745]],[[95.26955,46.26745],[95.26983,46.26718]],[[95.26955,46.26745],[95.2687,46.26701]],[[95.27203,46.26736],[95.27165,46.26715]],[[95.27165,46.26715],[95.26995,46.26668]],[[95.26983,46.26718],[95.26995,46.26668]],[[95.27165,46.26715],[95.26995,46.26668]],[[95.27408,46.26715],[95.27541,46.26533]],[[95.27271,46.26643],[95.27408,46.26715]],[[95.2687,46.26701],[95.26881,46.26628]],[[95.2687,46.26701],[95.268,46.26658]],[[95.27235,46.26688],[95.2699,46.2657]],[[95.26995,46.26668],[95.26881,46.26628]],[[95.26881,46.26628],[95.26863,46.26545]],[[95.26737,46.26538],[95.26768,46.26605]],[[95.27348,46.26599],[95.27554,46.26242]],[[95.26737,46.26538],[95.26825,46.26595]],[[95.2699,46.2657],[95.26863,46.26545]],[[95.2699,46.2657],[95.26786,46.26502]],[[95.26863,46.26545],[95.26786,46.26502]],[[95.26786,46.26502],[95.26737,46.26538]],[[95.27924,46.26532],[95.27569,46.26413]],[[95.26786,46.26502],[95.26657,46.26426]],[[95.27562,46.26471],[95.27631,46.26499]],[[95.27697,46.20238],[95.27714,46.20418]],[[95.27697,46.20238],[95.27836,46.19956]],[[95.27652,46.20014],[95.27697,46.20238]],[[95.27195,46.20087],[95.27652,46.20014]],[[95.27836,46.19956],[95.27652,46.20014]],[[95.27652,46.20014],[95.27602,46.19102]],[[94.89774,46.13927],[95.00962,46.16371]],[[94.74454,46.1371],[94.76387,46.14297],[94.7976,46.13143],[94.79843,46.12935]]]}},{"type":"Feature","properties":{"roadtype":"Хөрсөн зам","soum":"Бигэр","soumCode":8210,"lengthKm":208.7},"geometry":{"type":"MultiLineString","coordinates":[[[96.77963,45.96766],[96.79919,45.95878],[96.81136,45.95529],[96.82459,45.95497],[96.83466,45.95129],[96.85811,45.92924],[96.88295,45.91881],[96.87068,45.90441],[96.87013,45.89686],[96.8673,45.89345]],[[96.74819,45.91936],[96.77971,45.9102],[96.79289,45.91262],[96.82494,45.90977],[96.86057,45.89933]],[[97.0088,45.80565],[97.01072,45.80803],[96.99151,45.81773],[96.97274,45.83113],[96.95098,45.84077],[96.91136,45.85363],[96.8844,45.85473]],[[97.00922,45.8054],[96.97744,45.77975],[96.96535,45.76495],[96.92262,45.73509],[96.91573,45.73646],[96.90298,45.751],[96.89588,45.75398],[96.89341,45.75215],[96.88291,45.76713],[96.86642,45.76602],[96.85898,45.76264],[96.80207,45.77958]],[[97.17382,45.71158],[97.17137,45.71025]],[[97.17524,45.7104],[97.17382,45.71158]],[[97.17334,45.7104],[97.17382,45.71158]],[[97.16986,45.71],[97.16808,45.71139]],[[97.17581,45.7102],[97.17524,45.7104]],[[97.17334,45.7104],[97.17524,45.7104]],[[97.17281,45.70975],[97.17334,45.7104]],[[97.1771,45.7097],[97.17581,45.7102]],[[97.17494,45.70904],[97.17581,45.7102]],[[97.17173,45.71012],[97.1707,45.70846]],[[97.16986,45.71],[97.17173,45.71012]],[[97.1707,45.70846],[97.16986,45.71]],[[97.17751,45.70941],[97.1771,45.7097]],[[97.17651,45.70885],[97.1771,45.7097]],[[97.18032,45.70913],[97.17751,45.70941]],[[97.17751,45.70941],[97.1794,45.70867]],[[97.17751,45.70941],[97.17702,45.70903]],[[97.17392,45.70929],[97.17397,45.70937]],[[97.17132,45.70821],[97.17224,45.70937]],[[97.17519,45.7088],[97.17392,45.70929]],[[97.17392,45.70929],[97.17369,45.70891]],[[97.17369,45.70891],[97.17274,45.70918]],[[97.18061,45.70913],[97.18032,45.70913]],[[97.18032,45.70913],[97.17843,45.70694]],[[97.1813,45.709],[97.18061,45.70913]],[[97.18061,45.70913],[97.17926,45.707]],[[97.17702,45.70903],[97.17607,45.70758]],[[97.17651,45.70885],[97.17702,45.70903]],[[97.18186,45.70886],[97.1813,45.709]],[[97.1813,45.709],[97.18045,45.70751]],[[97.17302,45.70807],[97.17369,45.70891]],[[97.18246,45.7088],[97.18186,45.70886]],[[97.18186,45.70886],[97.18045,45.70751]],[[97.17609,45.70862],[97.17651,45.70885]],[[97.17238,45.70882],[97.17302,45.70807]],[[97.18308,45.70862],[97.18246,45.7088]],[[97.18246,45.7088],[97.18119,45.70699]],[[97.17573,45.70839],[97.17519,45.7088]],[[97.17519,45.7088],[97.1743,45.70739]],[[97.20301,45.70235],[97.18308,45.70862]],[[97.18308,45.70862],[97.18204,45.70688]],[[97.17095,45.70831],[97.1707,45.70846]],[[97.17474,45.70732],[97.17573,45.70839]],[[97.17095,45.70831],[97.17132,45.70821]],[[97.17148,45.70775],[97.17095,45.70831]],[[97.17095,45.70831],[97.16965,45.70598]],[[97.17132,45.70821],[97.17327,45.70782]],[[97.17302,45.70807],[97.17327,45.70782]],[[97.17327,45.70782],[97.17354,45.70762]],[[97.17203,45.70731],[97.17148,45.70775]],[[97.17148,45.70775],[97.16991,45.70514]],[[97.17514,45.7074],[97.17608,45.70751]],[[97.17354,45.70762],[97.1743,45.70739]],[[97.17354,45.70762],[97.17399,45.70716]],[[97.18045,45.70751],[97.18004,45.70706]],[[97.17608,45.70751],[97.17619,45.70723]],[[97.17514,45.7074],[97.17455,45.7056]],[[97.17474,45.70732],[97.17514,45.7074]],[[97.1743,45.70739],[97.1746,45.70731]],[[97.1743,45.70739],[97.17415,45.70718]],[[97.1746,45.70731],[97.17474,45.70732]],[[97.17231,45.70599],[97.17203,45.70731]],[[97.17203,45.70731],[97.17049,45.70453]],[[97.17415,45.70718],[97.1746,45.70731]],[[97.17619,45.70723],[97.17667,45.70657]],[[97.17619,45.70723],[97.1751,45.70535]],[[97.17399,45.70716],[97.17415,45.70718]],[[97.17399,45.70716],[97.17277,45.70588]],[[97.18039,45.70706],[97.17955,45.70523]],[[97.17961,45.70701],[97.17872,45.70577]],[[97.17906,45.70698],[97.17833,45.70594]],[[97.17843,45.70694],[97.17746,45.70625]],[[97.17667,45.70657],[97.17746,45.70625]],[[97.17667,45.70657],[97.17636,45.70601]],[[97.17981,45.70654],[97.17904,45.70559]],[[97.17746,45.70625],[97.17833,45.70594]],[[97.17746,45.70625],[97.17718,45.70619]],[[97.17718,45.70619],[97.17567,45.70346]],[[97.17718,45.70619],[97.17636,45.70601]],[[97.17636,45.70601],[97.17591,45.70549]],[[97.17277,45.70588],[97.17231,45.70599]],[[97.17231,45.70599],[97.17082,45.70398]],[[97.17342,45.70583],[97.17277,45.70588]],[[97.17833,45.70594],[97.17872,45.70577]],[[97.17833,45.70594],[97.1774,45.70437]],[[97.17277,45.70588],[97.1715,45.70366]],[[97.17405,45.70567],[97.17342,45.70583]],[[97.17342,45.70583],[97.17195,45.70309]],[[97.17872,45.70577],[97.17904,45.70559]],[[97.17872,45.70577],[97.17794,45.70456]],[[97.17455,45.7056],[97.17405,45.70567]],[[97.17405,45.70567],[97.17331,45.7042]],[[97.18002,45.70487],[97.18051,45.70563]],[[97.1751,45.70535],[97.17455,45.7056]],[[97.17455,45.7056],[97.17386,45.70407]],[[97.17904,45.70559],[97.17955,45.70523]],[[97.17904,45.70559],[97.17822,45.70442]],[[97.17591,45.70549],[97.1751,45.70361]],[[97.17591,45.70549],[97.17524,45.70533]],[[97.17524,45.70533],[97.1751,45.70535]],[[97.17524,45.70533],[97.17447,45.7039]],[[97.17955,45.70523],[97.18002,45.70487]],[[97.17955,45.70523],[97.17824,45.70215]],[[97.18002,45.70487],[97.18779,45.69529],[97.17676,45.66951],[97.17152,45.64387]],[[97.17888,45.70224],[97.18002,45.70487]],[[97.17331,45.7042],[97.17386,45.70407]],[[97.17331,45.7042],[97.17299,45.70359]],[[97.17386,45.70407],[97.17447,45.7039]],[[97.17386,45.70407],[97.17352,45.70341]],[[97.17447,45.7039],[97.1751,45.70361]],[[97.17447,45.7039],[97.17369,45.70229]],[[97.1751,45.70361],[97.17567,45.70346]],[[97.1751,45.70361],[97.17394,45.70123]],[[97.17567,45.70346],[97.17538,45.70291]],[[97.17538,45.70291],[97.17152,45.64387]],[[97.17538,45.70291],[97.17415,45.70042]],[[97.39806,45.59942],[97.40147,45.60657],[97.40184,45.63736],[97.39019,45.65496],[97.38487,45.65706],[97.38057,45.66284]],[[97.32999,45.64988],[97.33491,45.64348],[97.33852,45.61402],[97.35109,45.60053],[97.35453,45.59321],[97.3527,45.58862],[97.35258,45.55969]],[[97.17152,45.64387],[97.16996,45.62577],[97.16551,45.61578],[97.16611,45.60245],[97.1611,45.58563],[97.16148,45.57201],[97.16746,45.56221],[97.16518,45.55422],[97.16919,45.53316],[97.16658,45.51438],[97.16932,45.48117],[97.16849,45.47055],[97.16567,45.4654],[97.16737,45.46414],[97.16052,45.45147],[97.16044,45.44517]],[[97.35258,45.55969],[97.36329,45.56734],[97.37344,45.58003],[97.39806,45.59942]],[[97.40133,45.59636],[97.38727,45.57284],[97.37961,45.5546],[97.37452,45.55201],[97.36878,45.54124],[97.36381,45.53733]],[[97.40142,45.59519],[97.40155,45.59508]],[[97.35258,45.55969],[97.35389,45.55313],[97.36151,45.54647],[97.36161,45.53852],[97.36381,45.53733]],[[97.32816,45.54275],[97.34095,45.54917],[97.35258,45.55969]],[[97.35624,45.53685],[97.33964,45.54213],[97.32816,45.54275]],[[97.16044,45.44517],[97.1647,45.45357],[97.1859,45.47269],[97.21808,45.48573],[97.3134,45.53922],[97.32816,45.54275]],[[97.36381,45.53733],[97.35991,45.53679]],[[97.35991,45.53679],[97.35624,45.53685]],[[97.35952,45.53196],[97.35624,45.53685]],[[97.35991,45.53679],[97.35952,45.53196]],[[97.35411,45.46465],[97.35952,45.53196]],[[97.34104,45.38214],[97.34977,45.37527],[97.36136,45.37476],[97.36799,45.38112],[97.38066,45.38266],[97.37989,45.39017],[97.38419,45.39926],[97.37529,45.42317],[97.37739,45.43413],[97.36389,45.44898],[97.36128,45.45886],[97.35677,45.45919],[97.35411,45.46465]],[[97.35411,45.46465],[97.34675,45.43867],[97.34905,45.41754],[97.34523,45.40421],[97.34654,45.39129],[97.34104,45.38214]],[[97.16044,45.44517],[97.15782,45.42615],[97.15558,45.42365],[97.11745,45.43491],[97.10609,45.43614],[97.09862,45.43394]],[[97.34104,45.38214],[97.33421,45.37398],[97.32983,45.37252]]]}},{"type":"Feature","properties":{"roadtype":"Хөрсөн зам","soum":"Төгрөг","soumCode":8231,"lengthKm":179.4},"geometry":{"type":"MultiLineString","coordinates":[[[95.27602,46.19102],[95.27714,46.12946],[95.27181,46.09813],[95.27567,46.0495]],[[94.79843,46.12935],[94.79944,46.12682],[94.82939,46.12929],[94.89774,46.13927]],[[94.42597,46.11914],[94.47066,46.12192],[94.51997,46.12864],[94.54096,46.12781],[94.59383,46.13123],[94.62928,46.12888],[94.69773,46.13102],[94.72941,46.13345],[94.74454,46.1371]],[[94.39962,46.09089],[94.44051,46.07866],[94.47625,46.06233],[94.51659,46.04905],[94.5456,46.03058],[94.61151,45.9997],[94.6338,45.9808],[94.63569,45.96675],[94.64138,45.95927],[94.64475,45.94918],[94.65885,45.94015],[94.6893,45.91274],[94.70925,45.88592],[94.7227,45.85786],[94.72483,45.84756],[94.73064,45.84025],[94.73189,45.83554],[94.72789,45.82007]],[[95.28532,45.9789],[95.28329,45.97525],[95.28975,45.96743],[95.29005,45.9635],[95.28893,45.94819],[95.28599,45.94063],[95.28891,45.92639],[95.28761,45.91814],[95.28039,45.91233],[95.27701,45.89971],[95.25685,45.85885],[95.26297,45.83124],[95.2632,45.8181],[95.26522,45.81162],[95.26897,45.8088],[95.26755,45.80321],[95.27559,45.78641],[95.28288,45.78015],[95.25208,45.76014],[95.27368,45.7525],[95.28236,45.74223],[95.29832,45.74421],[95.3009,45.73926],[95.30669,45.73641],[95.3062,45.72976],[95.31186,45.72397]],[[95.39718,45.86378],[95.39388,45.86636]],[[95.39829,45.86237],[95.39733,45.86352]],[[95.40091,45.85972],[95.40091,45.85984]],[[95.40089,45.85854],[95.40086,45.85877]],[[95.39706,45.8493],[95.39684,45.85145],[95.40219,45.85221]],[[95.3962,45.84639],[95.3969,45.84795]],[[95.39545,45.84026],[95.39363,45.84245],[95.39523,45.84494]],[[94.81918,45.83456],[94.81823,45.84088]],[[94.8186,45.83445],[94.81841,45.83523]],[[94.81918,45.83456],[94.81985,45.83359]],[[94.81947,45.83345],[94.81918,45.83456]],[[94.8186,45.83445],[94.81918,45.83456]],[[94.81233,45.8345],[94.8127,45.83419]],[[94.8186,45.83445],[94.81874,45.83335]],[[94.81706,45.83313],[94.8186,45.83445]],[[94.8127,45.83419],[94.8131,45.8339]],[[94.81078,45.8329],[94.8127,45.83419]],[[94.8131,45.8339],[94.81333,45.83352]],[[94.81118,45.83261],[94.8131,45.8339]],[[94.80684,45.83134],[94.80994,45.83352]],[[94.81706,45.83313],[94.81874,45.83335]],[[94.82059,45.82599],[94.81985,45.83359]],[[94.81985,45.83359],[94.81947,45.83345]],[[94.81333,45.83352],[94.81584,45.83154]],[[94.81286,45.83148],[94.81333,45.83352]],[[94.80994,45.83352],[94.81033,45.83324]],[[94.80994,45.83352],[94.80684,45.83134]],[[94.81947,45.83345],[94.81943,45.83338]],[[94.81943,45.83338],[94.81805,45.83089]],[[94.81874,45.83335],[94.81943,45.83338]],[[94.81033,45.83324],[94.81078,45.8329]],[[94.80731,45.83112],[94.81033,45.83324]],[[94.81558,45.83083],[94.81706,45.83313]],[[94.81078,45.8329],[94.81118,45.83261]],[[94.80761,45.83087],[94.81078,45.8329]],[[94.81118,45.83261],[94.81158,45.83229]],[[94.81118,45.83261],[94.80805,45.83061]],[[94.81158,45.83229],[94.81192,45.83196]],[[94.81158,45.83229],[94.8085,45.83032]],[[94.81192,45.83196],[94.81231,45.83167]],[[94.80892,45.82999],[94.81192,45.83196]],[[94.81231,45.83167],[94.81286,45.83148]],[[94.81231,45.83167],[94.80935,45.82971]],[[94.81286,45.83148],[94.81326,45.83119]],[[94.81286,45.83148],[94.80974,45.82942]],[[94.80731,45.83112],[94.80684,45.83134]],[[94.81326,45.83119],[94.81366,45.83091]],[[94.81018,45.82912],[94.81326,45.83119]],[[94.80731,45.83112],[94.80761,45.83087]],[[94.81366,45.83091],[94.81415,45.83069]],[[94.81366,45.83091],[94.81058,45.82885]],[[94.81821,45.82847],[94.81805,45.83089]],[[94.81805,45.83089],[94.81668,45.82766]],[[94.81415,45.83069],[94.81442,45.83038]],[[94.81415,45.83069],[94.81103,45.82855]],[[94.80805,45.83061],[94.80637,45.82964]],[[94.81487,45.83004],[94.81554,45.83048]],[[94.81442,45.83038],[94.81487,45.83004]],[[94.81442,45.83038],[94.81143,45.82828]],[[94.8085,45.83032],[94.80703,45.8294]],[[94.81487,45.83004],[94.81533,45.82977]],[[94.81188,45.82798],[94.81487,45.83004]],[[94.80741,45.82914],[94.80892,45.82999]],[[94.80513,45.82997],[94.80637,45.82964]],[[94.81533,45.82977],[94.81544,45.8296]],[[94.81276,45.82788],[94.81533,45.82977]],[[94.80935,45.82971],[94.80764,45.82867]],[[94.80637,45.82964],[94.80703,45.8294]],[[94.80974,45.82942],[94.80807,45.82834]],[[94.80703,45.8294],[94.80741,45.82914]],[[94.81924,45.82826],[94.81987,45.82934]],[[94.80741,45.82914],[94.80764,45.82867]],[[94.80852,45.82807],[94.81018,45.82912]],[[94.81058,45.82885],[94.80897,45.82772]],[[94.80764,45.82867],[94.80807,45.82834]],[[94.81103,45.82855],[94.80916,45.82731]],[[94.81821,45.82847],[94.81924,45.82826]],[[94.81784,45.82769],[94.81821,45.82847]],[[94.81276,45.82788],[94.81501,45.82815]],[[94.80807,45.82834],[94.80852,45.82807]],[[94.81143,45.82828],[94.80952,45.82702]],[[95.42108,45.82782],[95.41957,45.82828]],[[94.81924,45.82826],[94.81994,45.82774]],[[94.819,45.82765],[94.81924,45.82826]],[[94.81571,45.82804],[94.81501,45.82815]],[[94.81387,45.82717],[94.81501,45.82815]],[[94.80852,45.82807],[94.80897,45.82772]],[[94.8159,45.82608],[94.81571,45.82804]],[[94.81003,45.82673],[94.81188,45.82798]],[[94.81242,45.82759],[94.81276,45.82788]],[[94.819,45.82765],[94.81994,45.82774]],[[94.81994,45.82774],[94.81993,45.8268]],[[94.80897,45.82772],[94.80916,45.82731]],[[94.81784,45.82769],[94.819,45.82765]],[[94.81757,45.82741],[94.81784,45.82769]],[[94.81668,45.82766],[94.81757,45.82741]],[[94.81247,45.8275],[94.81242,45.82759]],[[94.81706,45.82401],[94.81247,45.8275]],[[94.81247,45.8275],[94.81099,45.82627]],[[94.81757,45.82741],[94.81993,45.8268]],[[94.80916,45.82731],[94.80952,45.82702]],[[95.42745,45.82144],[95.42321,45.82711]],[[94.80952,45.82702],[94.81003,45.82673]],[[94.81634,45.82683],[94.81782,45.82617]],[[94.81993,45.8268],[94.82059,45.82599]],[[94.81003,45.82673],[94.81099,45.82627]],[[94.81723,45.82587],[94.81624,45.82645]],[[94.81099,45.82627],[94.81823,45.82316]],[[94.81657,45.82471],[94.8159,45.82608]],[[94.82075,45.8249],[94.82059,45.82599]],[[94.81629,45.82599],[94.81728,45.82557]],[[94.81728,45.82557],[94.81706,45.82401]],[[94.81657,45.82471],[94.81728,45.82557]],[[94.82075,45.8249],[94.82108,45.82427]],[[94.81968,45.82335],[94.82075,45.8249]],[[94.82108,45.82427],[94.82152,45.82486]],[[94.81706,45.82401],[94.81657,45.82471]],[[94.81968,45.82335],[94.82108,45.82427]],[[94.81823,45.82316],[94.81706,45.82401]],[[94.81968,45.82172],[94.81968,45.82335]],[[94.81823,45.82316],[94.81968,45.82335]],[[94.81968,45.82172],[94.81823,45.82316]],[[94.81942,45.82039],[94.81968,45.82172]],[[95.42734,45.81792],[95.42755,45.82118]],[[95.42943,45.81098],[95.4274,45.81254]],[[95.43078,45.80714],[95.42969,45.81006]],[[95.43363,45.8027],[95.43282,45.80452]],[[94.68182,45.45404],[94.69108,45.44916],[94.71409,45.44485],[94.77155,45.45086],[94.80337,45.44531],[94.82447,45.43759],[94.83147,45.43135],[94.87815,45.41409],[94.91493,45.38809],[94.92184,45.38549],[94.93308,45.38556],[94.97137,45.37281],[94.97412,45.37358]],[[94.93425,45.26604],[94.90798,45.29325]]]}},{"type":"Feature","properties":{"roadtype":"Хөрсөн зам","soum":"Алтай","soumCode":8204,"lengthKm":924.1},"geometry":{"type":"MultiLineString","coordinates":[[[95.01405,45.20343],[94.9933,45.2099],[94.98616,45.21931],[94.96053,45.23944],[94.93425,45.26604]],[[95.35113,45.1521],[95.33068,45.15772],[95.26937,45.16504],[95.20426,45.17961],[95.15617,45.18536],[95.12616,45.1952],[95.10715,45.19838],[95.05805,45.20379],[95.01405,45.20343]],[[95.22481,45.06007],[95.22301,45.06235],[95.20278,45.05901],[95.1726,45.06096],[95.15536,45.08646],[95.12682,45.09684],[95.11532,45.09806],[95.10539,45.09282],[95.08033,45.09172],[95.06708,45.0956],[95.02912,45.0972],[95.01251,45.10108],[95.00485,45.1096],[94.99619,45.12529],[95.00564,45.15967],[95.00613,45.1733],[95.01548,45.19114],[95.01661,45.20178],[95.01405,45.20343]],[[95.49544,45.13283],[95.40817,45.14766],[95.35113,45.1521]],[[95.22481,45.06007],[95.25396,45.10446],[95.26046,45.10988],[95.33601,45.14112],[95.35113,45.1521]],[[95.89987,45.06994],[95.8905,45.06115],[95.87805,45.05689],[95.87484,45.04441],[95.86545,45.03251],[95.83304,45.02884],[95.79969,45.02187],[95.78359,45.02173],[95.76626,45.01635],[95.74659,45.02912],[95.67611,45.04223],[95.65953,45.05197],[95.60179,45.07299],[95.55918,45.10716],[95.49544,45.13283]],[[95.49544,45.13283],[95.49894,45.12965],[95.49915,45.12488],[95.49031,45.09961],[95.46325,45.05815],[95.4581,45.04319],[95.448,45.02614],[95.44831,45.0133],[95.43456,44.98173],[95.42947,44.95796],[95.43189,44.95289],[95.42645,44.93842],[95.42786,44.93162],[95.43332,44.92521],[95.42409,44.9147]],[[95.21834,45.00234],[95.22087,45.00551],[95.21809,45.00681],[95.21962,45.0086],[95.21816,45.01385],[95.22147,45.01647],[95.22859,45.03341],[95.22411,45.05383],[95.22481,45.06007]],[[95.15607,44.90165],[95.14216,44.9186],[95.12375,44.92387],[95.11519,44.9318],[95.11512,44.93654],[95.12253,44.94302],[95.11855,44.94876],[95.11956,44.96161],[95.12724,44.97921],[95.1306,44.98133],[95.13189,44.98594],[95.14014,44.98976],[95.13793,44.99368],[95.14513,44.99572],[95.14622,44.99884],[95.14917,44.99954],[95.14777,45.00115],[95.15038,45.01109],[95.15774,45.01311],[95.1736,45.01119],[95.21243,44.99899],[95.21834,45.00234]],[[95.21834,45.00234],[95.22691,45.00052],[95.25654,44.97853],[95.30105,44.96065],[95.28669,44.95025],[95.28863,44.94758],[95.28389,44.94164],[95.28338,44.93518],[95.27286,44.93162],[95.28005,44.92799],[95.26586,44.92203]],[[95.26586,44.92203],[95.27675,44.92112],[95.288,44.92452],[95.30012,44.92457],[95.32344,44.9232],[95.37796,44.91451],[95.40342,44.9166],[95.42409,44.9147]],[[95.16022,44.8972],[95.16515,44.90113],[95.18306,44.90305],[95.19658,44.89535],[95.21119,44.89655],[95.26586,44.92203]],[[95.42409,44.9147],[95.45014,44.91549],[95.452,44.91166],[95.46309,44.9152],[95.47594,44.91276],[95.51784,44.91192],[95.52941,44.91528],[95.554,44.91093],[95.57033,44.91869],[95.58694,44.91397],[95.60009,44.91564],[95.60466,44.91145],[95.61217,44.91208],[95.6159,44.9067]],[[95.42409,44.9147],[95.40641,44.90351],[95.39427,44.88269],[95.39426,44.87544],[95.40514,44.85793]],[[95.63606,44.89927],[95.63278,44.90107],[95.62572,44.89981],[95.6159,44.9067]],[[95.6159,44.9067],[95.61257,44.90114]],[[95.61257,44.90114],[95.60284,44.90465],[95.57284,44.90379],[95.53919,44.89464],[95.52629,44.88808],[95.52509,44.88445],[95.51243,44.88063],[95.50889,44.87692],[95.50049,44.87652],[95.49494,44.87172],[95.48207,44.86869],[95.47731,44.86498],[95.47713,44.86217],[95.46398,44.85896],[95.45506,44.85396],[95.44462,44.85517],[95.42031,44.84249]],[[95.15607,44.90165],[95.16022,44.8972]],[[95.15501,44.89702],[95.15607,44.90165]],[[95.61257,44.90114],[95.60852,44.89434],[95.59825,44.88887],[95.56686,44.87835],[95.54486,44.87979],[95.52581,44.87718],[95.5204,44.8725],[95.51344,44.87341]],[[95.63834,44.87887],[95.64863,44.88394],[95.65357,44.89123],[95.65401,44.89707],[95.64402,44.89983],[95.63606,44.89927]],[[95.63834,44.87887],[95.6293,44.88111],[95.63266,44.88591],[95.63223,44.89504],[95.63606,44.89927]],[[95.15908,44.89434],[95.16022,44.8972]],[[95.15501,44.89702],[95.15908,44.89434]],[[95.1481,44.88816],[95.14998,44.89401],[95.15501,44.89702]],[[95.1481,44.88816],[95.15908,44.89434]],[[95.21549,44.82913],[95.19736,44.83636],[95.17259,44.85425],[95.1435,44.86551],[95.13914,44.87145],[95.13933,44.87843],[95.1481,44.88816]],[[95.62401,44.77929],[95.6337,44.7857],[95.64651,44.78968],[95.66076,44.8065],[95.66606,44.82021],[95.65607,44.83094],[95.64935,44.833],[95.6513,44.84349],[95.65017,44.86703],[95.64433,44.87651],[95.63834,44.87887]],[[95.42031,44.84249],[95.40859,44.84431],[95.41357,44.85372],[95.40514,44.85793]],[[95.40514,44.85793],[95.38582,44.84105],[95.37741,44.82322],[95.35354,44.8111],[95.35055,44.80605],[95.32979,44.7932],[95.32605,44.78697]],[[96.21328,44.85529],[96.19744,44.83739],[96.19452,44.83064],[96.19021,44.82867],[96.18821,44.82318],[96.16971,44.80799],[96.15349,44.7864],[96.14547,44.74789],[96.1451,44.73285],[96.14195,44.72751]],[[95.45063,44.82138],[95.43565,44.82475],[95.41966,44.83459],[95.42031,44.84249]],[[95.27379,44.833],[95.26738,44.83814],[95.24109,44.83102],[95.22523,44.83148],[95.21549,44.82913]],[[95.20621,44.81538],[95.21831,44.81778],[95.23283,44.81723],[95.23955,44.81948],[95.25129,44.83053],[95.27379,44.833]],[[95.27379,44.833],[95.28305,44.82594],[95.28499,44.82151],[95.30554,44.81061],[95.31537,44.78685],[95.31137,44.77914],[95.31315,44.77881]],[[95.20621,44.81538],[95.21549,44.82913]],[[95.49118,44.8213],[95.46816,44.82549],[95.45063,44.82138]],[[95.45742,44.81926],[95.45063,44.82138]],[[95.60716,44.77908],[95.59848,44.78215],[95.58843,44.78108],[95.58064,44.78541],[95.56646,44.78751],[95.56005,44.78589],[95.54468,44.79412],[95.51584,44.80298],[95.50457,44.80888],[95.50078,44.81201],[95.50144,44.81592],[95.49118,44.8213]],[[95.49118,44.8213],[95.47144,44.81364]],[[95.46026,44.81797],[95.45742,44.81926]],[[95.45775,44.81687],[95.45742,44.81926]],[[95.47144,44.81364],[95.46026,44.81797]],[[95.45775,44.81687],[95.46026,44.81797]],[[95.41621,44.80916],[95.42996,44.81005],[95.43492,44.81421],[95.45775,44.81687]],[[94.91918,44.62706],[94.9286,44.63749],[94.99191,44.67041],[95.0489,44.71435],[95.06536,44.7218],[95.07267,44.72966],[95.07862,44.73233],[95.08626,44.74189],[95.09609,44.74347],[95.10854,44.7411],[95.10856,44.73933],[95.12517,44.74577],[95.13774,44.76007],[95.13718,44.76395],[95.15129,44.78623],[95.16216,44.79134],[95.17676,44.78993],[95.18291,44.8006],[95.20037,44.80598],[95.20621,44.81538]],[[95.46761,44.79752],[95.47451,44.79901],[95.47626,44.80345],[95.47121,44.80983],[95.47144,44.81364]],[[95.32605,44.78697],[95.34843,44.79405],[95.36381,44.79606],[95.37291,44.8002],[95.38834,44.80229],[95.39524,44.80721],[95.41621,44.80916]],[[95.41621,44.80916],[95.44278,44.79788]],[[95.44278,44.79788],[95.46761,44.79752]],[[95.47482,44.78804],[95.46546,44.78886],[95.44278,44.79788]],[[95.47482,44.78804],[95.46343,44.79267],[95.46761,44.79752]],[[95.48198,44.78241],[95.47482,44.78804]],[[95.32605,44.78697],[95.31315,44.77881]],[[95.50079,44.77524],[95.48198,44.78241]],[[95.50079,44.77524],[95.49011,44.77265],[95.48164,44.77735],[95.48198,44.78241]],[[95.60716,44.77908],[95.62401,44.77929]],[[95.65297,44.74212],[95.64146,44.76189],[95.63078,44.76963],[95.62401,44.77929]],[[95.55805,44.76973],[95.56911,44.76629],[95.59108,44.77626],[95.59919,44.77583],[95.60716,44.77908]],[[95.31315,44.77881],[95.30828,44.77499],[95.30367,44.76639],[95.30645,44.73662],[95.30479,44.7315],[95.30098,44.73096],[95.30062,44.7284],[95.31271,44.71319],[95.33326,44.7106],[95.33968,44.71352],[95.34889,44.71362],[95.39095,44.70975],[95.39638,44.70667],[95.4139,44.70459],[95.42721,44.69711],[95.42968,44.69065],[95.44284,44.68903]],[[95.51312,44.77293],[95.52111,44.7768],[95.53129,44.77404],[95.5418,44.77722],[95.54935,44.77334],[95.55653,44.77286],[95.55805,44.76973]],[[95.51312,44.77293],[95.51124,44.77485],[95.50079,44.77524]],[[95.52249,44.71424],[95.52682,44.71857],[95.52394,44.72816],[95.52421,44.74138],[95.52015,44.74676],[95.51818,44.7641],[95.51312,44.77293]],[[95.55805,44.76973],[95.54707,44.76653],[95.53523,44.76867],[95.53545,44.76076],[95.52542,44.76582]],[[95.76368,44.68405],[95.77351,44.69369],[95.77714,44.70612],[95.76877,44.7136],[95.76808,44.72009],[95.75869,44.72484],[95.7432,44.74016],[95.74164,44.74697],[95.73059,44.74141],[95.72326,44.74292],[95.70278,44.74085],[95.67476,44.73174],[95.65922,44.73622]],[[95.64236,44.74437],[95.64644,44.74163],[95.65259,44.74219]],[[95.62691,44.73132],[95.64236,44.74437]],[[95.63348,44.72512],[95.63617,44.73677],[95.64045,44.73951],[95.64236,44.74437]],[[95.65259,44.74219],[95.65297,44.74212]],[[95.65259,44.74219],[95.65182,44.73906],[95.64043,44.73332],[95.63348,44.72512]],[[95.65297,44.74212],[95.65922,44.73622]],[[95.65922,44.73622],[95.6757,44.71987],[95.67398,44.71379],[95.68423,44.71221],[95.68517,44.70937],[95.69814,44.7061],[95.72811,44.70169],[95.72976,44.69912],[95.74141,44.69595],[95.75083,44.68709],[95.76368,44.68405]],[[95.57759,44.73404],[95.56933,44.73454],[95.5642,44.73079]],[[95.59574,44.7296],[95.58493,44.73418],[95.57759,44.73404]],[[95.57759,44.73404],[95.57698,44.73142],[95.58625,44.73033],[95.58742,44.72728],[95.5939,44.72855],[95.59531,44.7263]],[[95.60619,44.72795],[95.60165,44.7316],[95.59574,44.7296]],[[95.62425,44.71962],[95.62691,44.73132]],[[95.60619,44.72795],[95.62691,44.73132]],[[95.5642,44.73079],[95.56189,44.73015]],[[95.5642,44.73079],[95.56189,44.73015]],[[95.56189,44.73015],[95.55393,44.72681]],[[95.59531,44.7263],[95.59574,44.7296]],[[95.59498,44.72497],[95.60619,44.72795]],[[95.55393,44.72681],[95.56707,44.72241],[95.56913,44.71591],[95.59498,44.72497]],[[95.55393,44.72681],[95.5485,44.72336],[95.54159,44.72453],[95.53525,44.71895],[95.52249,44.71424]],[[95.59498,44.72497],[95.59531,44.7263]],[[95.62425,44.71962],[95.63085,44.7208],[95.63348,44.72512]],[[94.4657,44.72344],[94.47533,44.72284],[94.50781,44.70871],[94.54819,44.70743],[94.57924,44.69856],[94.62011,44.69491],[94.65175,44.68234],[94.68253,44.67561]],[[95.60569,44.70375],[95.61257,44.70718],[95.61976,44.71748],[95.62425,44.71962]],[[95.45066,44.6883],[95.47328,44.70046],[95.49375,44.70546],[95.50145,44.71028],[95.51033,44.71025],[95.52249,44.71424]],[[95.60569,44.70375],[95.61575,44.70207],[95.62379,44.70512],[95.62557,44.70304],[95.62317,44.70175],[95.62329,44.69834],[95.62066,44.6978],[95.62036,44.69292],[95.61544,44.693],[95.6114,44.68845],[95.60053,44.68463],[95.59113,44.67529],[95.58149,44.67385],[95.58153,44.67105],[95.56751,44.66227]],[[95.51989,44.68608],[95.5424,44.6804],[95.55948,44.68173],[95.58807,44.70314],[95.60569,44.70375]],[[94.68253,44.67561],[94.68254,44.68087],[94.67857,44.68727],[94.68045,44.69284],[94.67657,44.70041]],[[95.45066,44.6883],[95.47768,44.69373],[95.49522,44.69434],[95.51989,44.68608]],[[95.44284,44.68903],[95.45066,44.6883]],[[95.44284,44.68903],[95.43552,44.68587],[95.43034,44.68051],[95.43102,44.67568],[95.43484,44.6717]],[[95.51989,44.68608],[95.53497,44.6732],[95.56082,44.66736],[95.56751,44.66227]],[[95.82525,44.58479],[95.81542,44.60094],[95.80948,44.61844],[95.81011,44.64048],[95.80803,44.64899],[95.78694,44.66117],[95.78638,44.66597],[95.77445,44.68162],[95.76368,44.68405]],[[94.68253,44.67561],[94.71734,44.66053],[94.73198,44.6603],[94.79919,44.64497],[94.81686,44.64303],[94.82272,44.63862],[94.83769,44.63539],[94.84543,44.62942],[94.85895,44.63141],[94.88431,44.62974],[94.89504,44.63405]],[[95.56751,44.66227],[95.5546,44.65427],[95.54768,44.65328],[95.5121,44.66613],[95.49949,44.66601],[95.4774,44.67228],[95.44219,44.67429],[95.43484,44.6717]],[[95.43484,44.6717],[95.43101,44.66509],[95.42453,44.66288],[95.42054,44.65677]],[[95.42054,44.65677],[95.42594,44.64844],[95.42021,44.64656],[95.42466,44.6409],[95.4228,44.63898],[95.42507,44.63683],[95.42485,44.62816],[95.42133,44.62495],[95.41972,44.61891],[95.40569,44.6193],[95.3943,44.61118],[95.39378,44.59611],[95.41427,44.58151],[95.4936,44.54164],[95.49726,44.52746],[95.48556,44.51417],[95.48033,44.4972],[95.46929,44.47975]],[[95.42054,44.65677],[95.41996,44.65611]],[[94.91472,44.62765],[94.91377,44.6262]],[[94.91919,44.62723],[94.91472,44.62584]],[[94.92525,44.62172],[94.9239,44.62083]],[[94.92913,44.62075],[94.92672,44.61902]],[[94.92636,44.61922],[94.92831,44.62067]],[[94.92605,44.61943],[94.92767,44.62058]],[[94.92562,44.61971],[94.92695,44.62057]],[[94.92718,44.61897],[94.92941,44.62052]],[[94.92759,44.61887],[94.92917,44.61995]],[[94.92562,44.61971],[94.92548,44.6198]],[[94.92605,44.61943],[94.92562,44.61971]],[[94.91745,44.6197],[94.91787,44.61913]],[[94.91787,44.61913],[94.91829,44.61964]],[[94.92636,44.61922],[94.92605,44.61943]],[[94.92789,44.61868],[94.92897,44.61938]],[[94.92672,44.61902],[94.92636,44.61922]],[[94.9182,44.61888],[94.91787,44.61913]],[[94.9296,44.61905],[94.92789,44.61868]],[[94.92718,44.61897],[94.92672,44.61902]],[[94.92759,44.61887],[94.92718,44.61897]],[[95.82801,44.52943],[95.82861,44.53297],[95.83381,44.53443],[95.84056,44.54331],[95.85639,44.54907],[95.8802,44.57023],[95.896,44.57714],[95.91173,44.60526],[95.92563,44.61888],[95.89745,44.61415],[95.86499,44.61207]],[[94.9182,44.61888],[94.91977,44.61829]],[[94.91795,44.61853],[94.9182,44.61888]],[[94.92789,44.61868],[94.92759,44.61887]],[[94.91949,44.61871],[94.92003,44.61858]],[[94.91752,44.61847],[94.91795,44.61853]],[[94.92003,44.61858],[94.92187,44.61776]],[[94.92003,44.61858],[94.91977,44.61829]],[[94.91795,44.61853],[94.91884,44.61817]],[[94.91752,44.61847],[94.9174,44.61815]],[[94.91619,44.6179],[94.91752,44.61847]],[[94.91977,44.61829],[94.91951,44.61792]],[[94.91884,44.61817],[94.91951,44.61792]],[[94.91866,44.61795],[94.91884,44.61817]],[[94.91801,44.61788],[94.9174,44.61815]],[[94.9174,44.61815],[94.91731,44.61696]],[[94.91801,44.61788],[94.91866,44.61795]],[[94.91866,44.61795],[94.91934,44.61769]],[[94.91951,44.61792],[94.92016,44.61764]],[[94.92254,44.6179],[94.92187,44.61776]],[[94.91731,44.61696],[94.91801,44.61788]],[[94.92038,44.6174],[94.92016,44.61764]],[[94.92187,44.61776],[94.92082,44.61702]],[[94.92016,44.61764],[94.92038,44.6174]],[[94.92058,44.61718],[94.92038,44.6174]],[[94.92038,44.6174],[94.92013,44.61716]],[[94.92502,44.61737],[94.92461,44.61665]],[[94.92449,44.61728],[94.92387,44.61612]],[[94.9255,44.61727],[94.925,44.61652]],[[94.92593,44.61722],[94.92551,44.6164]],[[94.92134,44.61711],[94.92166,44.61659]],[[94.92388,44.61695],[94.9234,44.6172]],[[94.92013,44.61716],[94.92058,44.61718]],[[94.92082,44.61702],[94.92058,44.61718]],[[94.92013,44.61716],[94.91912,44.61651]],[[94.92388,44.61695],[94.92401,44.61715]],[[94.92637,44.61707],[94.92551,44.6164]],[[94.92166,44.61659],[94.92082,44.61702]],[[94.91723,44.61683],[94.91731,44.61696]],[[94.92354,44.61637],[94.92388,44.61695]],[[94.91723,44.61683],[94.91912,44.61651]],[[94.91563,44.6153],[94.91723,44.61683]],[[94.91267,44.61655],[94.91417,44.61635]],[[94.92663,44.6168],[94.92601,44.61592]],[[94.92461,44.61665],[94.925,44.61652]],[[94.92461,44.61665],[94.92434,44.61634]],[[94.92702,44.61662],[94.92601,44.61592]],[[94.92226,44.6161],[94.92166,44.61659]],[[94.925,44.61652],[94.92523,44.61642]],[[94.91912,44.61651],[94.91912,44.61551]],[[94.92551,44.6164],[94.92523,44.61642]],[[94.92523,44.61642],[94.92396,44.61493]],[[94.92551,44.6164],[94.92536,44.61603]],[[94.92365,44.61611],[94.92354,44.61637]],[[94.92318,44.61616],[94.92354,44.61637]],[[94.91417,44.61635],[94.91458,44.61611]],[[94.91417,44.61635],[94.91203,44.61484]],[[94.92434,44.61634],[94.92347,44.6152]],[[94.92387,44.61612],[94.92434,44.61634]],[[94.92318,44.61616],[94.92365,44.61611]],[[94.92258,44.61562],[94.92318,44.61616]],[[94.92387,44.61612],[94.92365,44.61611]],[[94.92365,44.61611],[94.92306,44.6154]],[[94.91458,44.61611],[94.91489,44.61581]],[[94.91458,44.61611],[94.91203,44.61484]],[[94.92601,44.61592],[94.92536,44.61603]],[[94.92536,44.61603],[94.92452,44.61473]],[[94.91912,44.61551],[94.92145,44.6139],[94.92243,44.61586]],[[94.91489,44.61581],[94.91523,44.61552]],[[94.91489,44.61581],[94.91269,44.61417]],[[94.91523,44.61552],[94.91563,44.6153]],[[94.91523,44.61552],[94.91334,44.61377]],[[94.91912,44.61551],[94.917,44.61459]],[[94.92454,44.61249],[94.92279,44.61546]],[[94.91563,44.6153],[94.91641,44.61491]],[[94.91563,44.6153],[94.9139,44.61356]],[[94.91641,44.61491],[94.91676,44.61474]],[[94.91463,44.61334],[94.91641,44.61491]],[[94.91203,44.61484],[94.91269,44.61417]],[[94.91676,44.61474],[94.917,44.61459]],[[94.91676,44.61474],[94.91534,44.61331]],[[94.917,44.61459],[94.91728,44.6144]],[[94.91728,44.6144],[94.91832,44.61384]],[[94.91728,44.6144],[94.91635,44.61324]],[[94.91269,44.61417],[94.91334,44.61377]],[[94.91832,44.61384],[94.91899,44.61336]],[[94.91832,44.61384],[94.91783,44.61327]],[[94.91334,44.61377],[94.9139,44.61356]],[[94.9139,44.61356],[94.91463,44.61334]],[[94.91899,44.61336],[94.92454,44.61249]],[[94.91783,44.61327],[94.91899,44.61336]],[[94.91463,44.61334],[94.91534,44.61331]],[[94.91534,44.61331],[94.91635,44.61324]],[[94.91635,44.61324],[94.91783,44.61327]],[[94.94541,44.60082],[94.93119,44.60695],[94.92454,44.61249]],[[95.72978,44.55367],[95.75161,44.54546],[95.7915,44.53877],[95.80842,44.53222],[95.82801,44.52943]],[[95.72734,44.4994],[95.70605,44.50987],[95.667,44.51862],[95.65924,44.52237],[95.65505,44.53032],[95.65843,44.53553]],[[95.80121,44.49766],[95.81458,44.49628],[95.83864,44.4819],[95.83905,44.49539],[95.83197,44.50787],[95.82801,44.52943]],[[95.27178,44.51889],[95.28349,44.52271],[95.28989,44.51908],[95.30746,44.52428],[95.3188,44.50662]],[[95.80121,44.49766],[95.78209,44.51273],[95.75033,44.51903],[95.73716,44.51733],[95.73418,44.51422],[95.73192,44.50127],[95.72734,44.4994]],[[95.72734,44.4994],[95.77183,44.49579],[95.80121,44.49766]],[[95.38854,44.45146],[95.36671,44.46686],[95.36346,44.47141],[95.36707,44.48256],[95.3722,44.48917],[95.37083,44.49782]],[[95.64542,44.19035],[95.63383,44.19794],[95.61645,44.21796],[95.58572,44.24853],[95.57722,44.25425],[95.54824,44.31201],[95.54735,44.31758],[95.55024,44.32165],[95.54551,44.3245],[95.54291,44.33026],[95.53175,44.33847],[95.48858,44.35639],[95.48454,44.36141],[95.46859,44.37055],[95.46616,44.393],[95.38854,44.45146]],[[95.44488,44.32654],[95.42195,44.34662],[95.37987,44.39933],[95.3783,44.42354],[95.38107,44.43594],[95.38854,44.45146]],[[95.45458,44.31983],[95.4534,44.32532],[95.44488,44.32654]],[[95.45458,44.31983],[95.44488,44.32654]],[[95.64542,44.19035],[95.62905,44.19483],[95.55937,44.22959],[95.52772,44.24814],[95.50339,44.26596],[95.45602,44.2908],[95.45347,44.293],[95.45096,44.31114],[95.45458,44.31983]],[[95.67088,44.18138],[95.66032,44.18758],[95.65236,44.1869],[95.64542,44.19035]],[[96.36675,43.10495],[96.35453,43.1239],[96.34049,43.13045],[96.32347,43.15607],[96.28513,43.1911],[96.27401,43.21031],[96.27125,43.21812],[96.27245,43.22391],[96.26125,43.2261],[96.25315,43.23285],[96.23105,43.23194],[96.21106,43.24539],[96.19078,43.26482],[96.17835,43.26349],[96.15074,43.26819],[96.13523,43.25697],[96.05384,43.23997],[96.04021,43.23898],[96.01368,43.24039],[96.00002,43.24677],[95.98675,43.25619],[95.9781,43.26562],[95.94568,43.28014],[95.90793,43.28298],[95.87653,43.28066]]]}},{"type":"Feature","properties":{"roadtype":"Хөрсөн зам","soum":"Халиун","soumCode":8234,"lengthKm":332.8},"geometry":{"type":"MultiLineString","coordinates":[[[95.76748,46.17574],[95.76081,46.17043],[95.74829,46.15263],[95.74659,46.14317],[95.74024,46.13157],[95.74535,46.12237],[95.74543,46.1121],[95.74858,46.10366],[95.75361,46.09917],[95.77204,46.09233],[95.78348,46.08452],[95.78638,46.07964],[95.79633,46.07392],[95.81238,46.05865],[95.84181,46.04691],[95.87666,46.02365],[95.87559,46.02213],[95.88372,46.00713],[95.90477,46.00199]],[[96.50025,45.88931],[96.51091,45.89812],[96.51037,45.90912],[96.51341,45.91417],[96.51914,45.91703],[96.51659,45.92195],[96.51891,45.92691],[96.51714,45.93516],[96.52535,45.95146],[96.53293,45.95544],[96.5535,45.97723],[96.55095,45.98285],[96.55378,45.98532],[96.55101,45.99995],[96.54739,46.00666],[96.55231,46.01231],[96.55343,46.01928],[96.54071,46.03156],[96.5406,46.03868],[96.5453,46.0394],[96.54633,46.04294],[96.53301,46.05889]],[[95.27567,46.0495],[95.28245,46.01732],[95.2835,45.99282]],[[95.79216,46.03352],[95.78276,46.00705],[95.78228,45.99548],[95.77724,45.99046],[95.77757,45.97694],[95.77945,45.97504],[95.77658,45.95586],[95.76857,45.9451],[95.75089,45.93376],[95.73613,45.91668],[95.73748,45.90191],[95.74534,45.89401],[95.75917,45.88492],[95.7714,45.88188],[95.77659,45.87498],[95.81253,45.87602],[95.83322,45.88034],[95.8382,45.87859],[95.86512,45.8804],[95.86977,45.87585],[95.908,45.87528],[95.93262,45.87066],[95.94349,45.87363],[95.94575,45.88768],[95.95242,45.90012],[95.95049,45.9029]],[[95.87473,46.00449],[95.89689,45.96053],[95.90394,45.95496],[95.91634,45.93521],[95.95049,45.9029]],[[95.95049,45.9029],[95.95396,45.92357],[95.95087,45.94279],[95.94742,45.9465],[95.94544,45.95623],[95.9501,45.96736],[95.94916,45.9805],[95.9431,46]],[[95.39388,45.86636],[95.39545,45.86979],[95.38726,45.87777],[95.3849,45.88464],[95.37429,45.89883],[95.35425,45.91421],[95.2835,45.99282]],[[95.2835,45.99282],[95.28532,45.9789]],[[96.03147,45.96535],[96.02078,45.96312],[95.99151,45.94544],[95.99064,45.94331],[96.00649,45.92787],[96.00581,45.92249]],[[96.05141,45.92251],[96.04428,45.92413],[96.03331,45.93157],[96.02315,45.93265],[96.00581,45.92249]],[[96.16552,45.9311],[96.16794,45.93076]],[[96.15914,45.93139],[96.15921,45.93078]],[[96.15999,45.93129],[96.15996,45.93076]],[[96.16794,45.93076],[96.16552,45.9311]],[[96.16552,45.9311],[96.16433,45.93065]],[[96.15852,45.9308],[96.15851,45.92952]],[[96.15996,45.93076],[96.15921,45.93078]],[[96.15921,45.93078],[96.15929,45.92951]],[[96.16719,45.93022],[96.16794,45.93076]],[[96.15996,45.93076],[96.15996,45.92983]],[[96.16433,45.93065],[96.16418,45.92989]],[[96.13898,45.93058],[96.15842,45.92865]],[[96.05141,45.92251],[96.05814,45.92507],[96.08706,45.92436],[96.13898,45.93058]],[[96.1655,45.93046],[96.16514,45.92894]],[[96.16603,45.93033],[96.16574,45.92802]],[[96.16687,45.93022],[96.16643,45.92787]],[[96.16797,45.93015],[96.1676,45.92754]],[[96.16418,45.92989],[96.16306,45.92936]],[[96.1689,45.92996],[96.1676,45.92754]],[[96.16418,45.92989],[96.16414,45.92923]],[[96.15996,45.92983],[96.16184,45.92959]],[[96.15996,45.92983],[96.15994,45.92874]],[[96.16184,45.92959],[96.16306,45.92936]],[[96.16184,45.92959],[96.16187,45.92877]],[[96.15929,45.92951],[96.15851,45.92952]],[[96.15851,45.92952],[96.15842,45.92865]],[[96.15929,45.92951],[96.15929,45.92873]],[[96.16306,45.92936],[96.16414,45.92923]],[[96.16306,45.92936],[96.16298,45.92874]],[[96.16414,45.92923],[96.16514,45.92894]],[[96.16414,45.92923],[96.16397,45.92827]],[[96.16514,45.92894],[96.16498,45.92814]],[[96.16187,45.92877],[96.16251,45.92829]],[[96.16187,45.92877],[96.16152,45.92864]],[[96.16152,45.92864],[96.15994,45.92874]],[[96.15994,45.92874],[96.16013,45.92807]],[[96.15994,45.92874],[96.15929,45.92873]],[[96.15929,45.92873],[96.15898,45.92857]],[[96.15898,45.92857],[96.15842,45.92865]],[[96.16152,45.92864],[96.16145,45.92807]],[[96.16013,45.92807],[96.15898,45.92857]],[[96.16251,45.92829],[96.16213,45.92802]],[[96.16251,45.92829],[96.16284,45.92776]],[[96.16498,45.92814],[96.16397,45.92827]],[[96.16397,45.92827],[96.16358,45.92773]],[[96.16565,45.92805],[96.16498,45.92814]],[[96.16213,45.92802],[96.16145,45.92807]],[[96.16145,45.92807],[96.16137,45.92741]],[[96.16137,45.92741],[96.16013,45.92807]],[[96.16574,45.92802],[96.16565,45.92805]],[[96.16565,45.92805],[96.16535,45.92783]],[[96.16631,45.92791],[96.16574,45.92802]],[[96.16213,45.92802],[96.16207,45.92738]],[[96.16643,45.92787],[96.16631,45.92791]],[[96.16631,45.92791],[96.16588,45.92767]],[[96.1676,45.92754],[96.16643,45.92787]],[[96.16535,45.92783],[96.16462,45.92779]],[[96.16588,45.92767],[96.16535,45.92783]],[[96.16535,45.92783],[96.16514,45.92683]],[[96.16462,45.92779],[96.1645,45.92692]],[[96.16462,45.92779],[96.16391,45.92756]],[[96.16358,45.92773],[96.16284,45.92776]],[[96.16284,45.92776],[96.16282,45.9273]],[[96.16358,45.92773],[96.16323,45.92728]],[[96.19363,45.92359],[96.18406,45.92303],[96.16588,45.92767]],[[96.16514,45.92683],[96.16588,45.92767]],[[96.16391,45.92756],[96.16401,45.92706]],[[96.16391,45.92756],[96.16323,45.92728]],[[96.16207,45.92738],[96.16137,45.92741]],[[96.16278,45.92695],[96.16137,45.92741]],[[96.16282,45.9273],[96.16207,45.92738]],[[96.16323,45.92728],[96.16282,45.9273]],[[96.16282,45.9273],[96.16278,45.92695]],[[96.16323,45.92728],[96.16278,45.92695]],[[96.1645,45.92692],[96.16401,45.92706]],[[96.16401,45.92706],[96.16243,45.92659]],[[96.16243,45.92659],[96.16278,45.92695]],[[96.16514,45.92683],[96.1645,45.92692]],[[96.16111,45.92579],[96.16243,45.92659]],[[96.16111,45.92579],[96.16125,45.92363]],[[96.1579,45.92455],[96.16111,45.92579]],[[96.03702,45.86966],[96.03542,45.88066],[96.03928,45.88981],[96.03707,45.89384],[96.04075,45.89846],[96.04316,45.91152],[96.05141,45.92251]],[[96.00581,45.92249],[95.98903,45.91955],[95.97589,45.92024],[95.96866,45.91324],[95.96691,45.87333],[95.97436,45.86494],[95.97125,45.86079],[95.97247,45.85328],[95.97413,45.85118],[95.99188,45.85066],[96.00482,45.84447],[96.01147,45.84409],[96.02386,45.84956],[96.03117,45.85739],[96.03702,45.86966]],[[96.67195,45.86457],[96.67362,45.86664],[96.65257,45.89644],[96.65354,45.90073],[96.66294,45.90767],[96.69369,45.91825],[96.72731,45.91922],[96.73101,45.92191],[96.74819,45.91936]],[[96.29813,45.86548],[96.29758,45.87894],[96.28081,45.88599],[96.25843,45.90538],[96.24526,45.91255]],[[96.32917,45.89129],[96.34145,45.88795],[96.36103,45.88747],[96.39548,45.89571],[96.41557,45.89842],[96.44373,45.89889],[96.45074,45.89712],[96.45643,45.90107],[96.46608,45.90199],[96.49153,45.8949],[96.50025,45.88931]],[[96.50025,45.88931],[96.56013,45.86993],[96.58063,45.86618],[96.60541,45.86437],[96.62684,45.86464],[96.63394,45.86677],[96.66525,45.8625],[96.67195,45.86457]],[[96.45327,45.8246],[96.45264,45.83077],[96.46812,45.84477],[96.48068,45.86625],[96.50025,45.88931]],[[96.20235,45.79595],[96.18726,45.80334],[96.15587,45.80504],[96.14601,45.80994],[96.11945,45.81488],[96.10966,45.82208],[96.11083,45.83502],[96.09953,45.83689],[96.0854,45.84928],[96.0835,45.85608],[96.07189,45.85922],[96.058,45.85839],[96.03702,45.86966]],[[96.6752,45.84832],[96.67472,45.85349],[96.6699,45.85916],[96.67195,45.86457]],[[95.39733,45.86352],[95.39718,45.86378]],[[96.61704,45.85822],[96.63395,45.86222],[96.65431,45.86151],[96.67147,45.85335],[96.67294,45.84957]],[[95.40091,45.85984],[95.39829,45.86237]],[[95.40086,45.85877],[95.40091,45.85972]],[[95.40219,45.85221],[95.40089,45.85854]],[[96.67294,45.84957],[96.63615,45.85714],[96.61704,45.85822]],[[96.61704,45.85822],[96.5792,45.85104],[96.5403,45.85348],[96.51571,45.85072],[96.48202,45.83989],[96.45327,45.8246]],[[96.6752,45.84832],[96.67294,45.84957]],[[95.3969,45.84795],[95.39706,45.8493]],[[96.80207,45.77958],[96.77463,45.77996],[96.76106,45.79178],[96.68986,45.81137],[96.67802,45.82576],[96.67607,45.83237],[96.67953,45.84427],[96.6752,45.84832]],[[95.39523,45.84494],[95.3962,45.84639]],[[95.41957,45.82828],[95.40439,45.83311],[95.39545,45.84026]],[[95.42321,45.82711],[95.42108,45.82782]],[[96.42748,45.76783],[96.42829,45.77076],[96.42161,45.77775],[96.4231,45.78463],[96.42812,45.78751],[96.42452,45.79067],[96.43014,45.79456],[96.431,45.79895],[96.43536,45.80281],[96.45323,45.81042],[96.45327,45.8246]],[[95.42755,45.82118],[95.42745,45.82144]],[[95.4274,45.81254],[95.42734,45.81792]],[[95.42969,45.81006],[95.42943,45.81098]],[[95.43282,45.80452],[95.43078,45.80714]],[[96.42748,45.76783],[96.42582,45.76417],[96.42836,45.75438],[96.41,45.74562],[96.40779,45.74124]],[[96.40779,45.74124],[96.4017,45.74584],[96.40796,45.757],[96.42748,45.76783]],[[96.42959,45.70426],[96.42056,45.72185],[96.41084,45.72837],[96.40779,45.74124]]]}},{"type":"Feature","properties":{"roadtype":"Хөрсөн зам","soum":"Бугат","soumCode":8213,"lengthKm":260.1},"geometry":{"type":"MultiLineString","coordinates":[[[94.36109,45.55834],[94.35777,45.56077],[94.34053,45.5628],[94.33052,45.57453],[94.3323,45.58221],[94.32237,45.58532],[94.31001,45.59323],[94.30231,45.59206],[94.28579,45.59702],[94.27901,45.6052],[94.26727,45.61174],[94.2592,45.61182],[94.23757,45.60055],[94.22696,45.60058],[94.22533,45.61317],[94.21975,45.62501],[94.22066,45.63448],[94.21599,45.64668],[94.18487,45.66348],[94.18023,45.67745],[94.17255,45.68557],[94.16219,45.69189],[94.13791,45.69568],[94.12235,45.68884],[94.09464,45.69228],[94.07347,45.68504],[94.04685,45.68044],[94.0375,45.68166],[94.02742,45.68712],[94.01817,45.6879],[94.01338,45.69078]],[[93.98694,45.67914],[93.98523,45.6713],[93.97171,45.67459],[93.96426,45.66862],[93.97188,45.65583],[93.97465,45.64422],[93.97295,45.63485],[93.97624,45.60772],[93.97062,45.60292],[93.94804,45.59494],[93.92675,45.59778],[93.89036,45.58766],[93.8691,45.59059],[93.85313,45.58955],[93.83537,45.58278],[93.84287,45.57674],[93.83325,45.57308],[93.78799,45.56318],[93.77967,45.56217],[93.77678,45.56483],[93.77216,45.56418],[93.77107,45.56177],[93.76144,45.56084],[93.75612,45.557]],[[94.51836,45.6217],[94.50512,45.61631],[94.49671,45.60785],[94.45252,45.58792]],[[94.36272,45.56184],[94.36558,45.56394]],[[94.36558,45.56394],[94.36592,45.56372]],[[94.36272,45.56184],[94.36558,45.56394]],[[94.36592,45.56372],[94.36642,45.56354]],[[94.36291,45.56145],[94.36592,45.56372]],[[94.36642,45.56354],[94.36663,45.56321]],[[94.36307,45.56099],[94.36642,45.56354]],[[94.36663,45.56321],[94.36711,45.56269]],[[94.36422,45.56028],[94.36663,45.56321]],[[94.36711,45.56269],[94.36761,45.56229]],[[94.36422,45.56028],[94.36711,45.56269]],[[94.36761,45.56229],[94.36785,45.56195]],[[94.36456,45.56],[94.36761,45.56229]],[[94.36785,45.56195],[94.36829,45.56173]],[[94.36485,45.5598],[94.36785,45.56195]],[[94.36291,45.56145],[94.36272,45.56184]],[[94.36829,45.56173],[94.36852,45.56164]],[[94.36498,45.55957],[94.36829,45.56173]],[[94.36852,45.56164],[94.36892,45.56133]],[[94.36515,45.55929],[94.36852,45.56164]],[[94.36307,45.56099],[94.36291,45.56145]],[[94.36892,45.56133],[94.36932,45.5611]],[[94.36538,45.559],[94.36892,45.56133]],[[94.36932,45.5611],[94.36964,45.56089]],[[94.3658,45.55858],[94.36932,45.5611]],[[94.36307,45.56099],[94.36408,45.55987]],[[94.36282,45.55965],[94.36307,45.56099]],[[94.36964,45.56089],[94.36988,45.5606]],[[94.36609,45.55837],[94.36964,45.56089]],[[94.36422,45.56028],[94.36456,45.56]],[[94.36557,45.55877],[94.36727,45.56002]],[[94.36456,45.56],[94.36485,45.5598]],[[94.36408,45.55987],[94.36471,45.55925]],[[94.36408,45.55987],[94.363,45.55899]],[[94.36485,45.5598],[94.36498,45.55957]],[[94.363,45.55899],[94.36282,45.55965]],[[94.36282,45.55965],[94.36109,45.55834]],[[94.36498,45.55957],[94.36515,45.55929]],[[94.36697,45.55776],[94.36952,45.55951]],[[94.36515,45.55929],[94.36525,45.55915]],[[94.36471,45.55925],[94.36516,45.55886]],[[94.36471,45.55925],[94.3639,45.55871]],[[94.36525,45.55915],[94.36538,45.559]],[[94.36525,45.55915],[94.36516,45.55886]],[[94.36538,45.559],[94.36557,45.55877]],[[94.3639,45.55791],[94.363,45.55899]],[[94.36516,45.55886],[94.36476,45.55778]],[[94.36516,45.55886],[94.36476,45.55778]],[[94.36728,45.55751],[94.36927,45.55885]],[[94.36557,45.55877],[94.3658,45.55858]],[[94.36759,45.55724],[94.3696,45.55859]],[[94.3658,45.55858],[94.36609,45.55837]],[[94.36609,45.55837],[94.36656,45.55808]],[[94.36247,45.5573],[94.36109,45.55834]],[[94.36109,45.55834],[94.36109,45.55657]],[[94.36422,45.55755],[94.3639,45.55791]],[[94.3639,45.55791],[94.36247,45.5573]],[[94.36677,45.55778],[94.36697,45.55776]],[[94.36476,45.55778],[94.36445,45.55729]],[[94.36476,45.55778],[94.36422,45.55755]],[[94.36697,45.55776],[94.36728,45.55751]],[[94.36671,45.55772],[94.36735,45.55567]],[[94.36798,45.55701],[94.36896,45.55771]],[[94.36422,45.55755],[94.36277,45.55692]],[[94.36445,45.55729],[94.36422,45.55755]],[[94.36644,45.55754],[94.36535,45.55723]],[[94.36728,45.55751],[94.36759,45.55724]],[[94.36933,45.55693],[94.36844,45.55678]],[[94.36277,45.55692],[94.36247,45.5573]],[[94.36247,45.5573],[94.36109,45.55657]],[[94.36479,45.55718],[94.36445,45.55729]],[[94.36759,45.55724],[94.36798,45.55701]],[[94.36535,45.55723],[94.36602,45.55691]],[[94.36535,45.55723],[94.36479,45.55718]],[[94.36479,45.55718],[94.36425,45.5567]],[[94.37105,45.55702],[94.37035,45.55656]],[[94.37003,45.55681],[94.37031,45.55701]],[[94.36798,45.55701],[94.36844,45.55678]],[[94.36318,45.55654],[94.36277,45.55692]],[[94.36277,45.55692],[94.36228,45.55666]],[[94.36602,45.55691],[94.36449,45.5565]],[[94.37003,45.55681],[94.37035,45.55656]],[[94.36912,45.55631],[94.37003,45.55681]],[[93.75627,45.55678],[93.75785,45.55638]],[[93.75492,45.55529],[93.75627,45.55678]],[[94.36844,45.55678],[94.36912,45.55631]],[[94.36449,45.5565],[94.36425,45.5567]],[[94.36425,45.5567],[94.36318,45.55654]],[[94.36318,45.55654],[94.36228,45.55666]],[[94.36228,45.55666],[94.36141,45.55616]],[[94.37014,45.55593],[94.37109,45.55663]],[[94.36662,45.55658],[94.36691,45.55635]],[[94.36109,45.55657],[94.36141,45.55616]],[[94.37035,45.55656],[94.36959,45.55606]],[[93.75859,45.55653],[93.75785,45.55638]],[[94.36532,45.55589],[94.36449,45.5565]],[[93.75785,45.55638],[93.75682,45.55607]],[[94.36691,45.55635],[94.36719,45.55609]],[[94.36691,45.55635],[94.36595,45.55579]],[[94.36912,45.55631],[94.36959,45.55606]],[[94.37067,45.5557],[94.37149,45.55626]],[[94.37067,45.5557],[94.37238,45.55619]],[[94.36141,45.55616],[94.36542,45.55381]],[[94.36719,45.55609],[94.36735,45.55567]],[[94.36719,45.55609],[94.36628,45.55548]],[[93.75874,45.55609],[93.75718,45.55571]],[[94.36959,45.55606],[94.37014,45.55593]],[[94.36562,45.55603],[94.36595,45.55579]],[[94.37014,45.55593],[94.37067,45.5557]],[[94.36595,45.55579],[94.36628,45.55548]],[[94.36595,45.55579],[94.3652,45.55543]],[[93.75718,45.55571],[93.75761,45.55536]],[[94.36735,45.55567],[94.36756,45.55519]],[[94.36735,45.55567],[94.36559,45.55455]],[[93.75907,45.55567],[93.75761,45.55536]],[[94.36628,45.55548],[94.36544,45.55491]],[[93.75951,45.55537],[93.75797,45.55488]],[[93.75797,45.55488],[93.75761,45.55536]],[[93.75532,45.55383],[93.75492,45.55529]],[[93.75381,45.5541],[93.75492,45.55529]],[[94.36756,45.55519],[94.36783,45.55491]],[[94.36756,45.55519],[94.36565,45.5541]],[[93.75974,45.55512],[93.75797,45.55439]],[[94.36783,45.55491],[94.36812,45.55474]],[[94.36783,45.55491],[94.36576,45.55342]],[[93.75797,45.55488],[93.75735,45.55468]],[[94.36812,45.55474],[94.36817,45.55428]],[[94.36812,45.55474],[94.36652,45.55355]],[[93.75985,45.55462],[93.75891,45.55424]],[[93.75797,45.55439],[93.75532,45.55383]],[[93.76066,45.55437],[93.75953,45.55397]],[[94.36817,45.55428],[94.36781,45.55363]],[[94.36755,45.55383],[94.36817,45.55428]],[[93.75912,45.55416],[93.75953,45.55397]],[[93.75444,45.5537],[93.75381,45.5541]],[[93.75381,45.5541],[93.75298,45.55396]],[[93.76112,45.554],[93.76023,45.55369]],[[93.75953,45.55397],[93.76023,45.55369]],[[94.36755,45.55383],[94.36781,45.55363]],[[94.36652,45.55355],[94.36755,45.55383]],[[93.7549,45.55297],[93.75532,45.55383]],[[93.75532,45.55383],[93.75444,45.5537]],[[93.75444,45.5537],[93.7529,45.55349]],[[93.76023,45.55369],[93.76129,45.55365]],[[94.36781,45.55363],[94.36698,45.55314]],[[94.36576,45.55342],[94.36652,45.55355]],[[94.36529,45.55353],[94.36576,45.55342]],[[93.75554,45.55225],[93.7549,45.55297]],[[93.7549,45.55297],[93.7535,45.55281]],[[93.75636,45.54949],[93.75554,45.55225]],[[93.75554,45.55225],[93.75265,45.55063]],[[94.53524,45.04603],[94.53225,45.06163],[94.52243,45.08387],[94.51354,45.09147],[94.50607,45.10506],[94.48967,45.11769],[94.4887,45.12397],[94.49568,45.13158],[94.50451,45.15544],[94.50083,45.20978],[94.48834,45.24472],[94.48294,45.27287],[94.47649,45.27934],[94.4819,45.2987],[94.46199,45.32993],[94.45424,45.33716],[94.43092,45.36919],[94.43978,45.37632],[94.44642,45.38663],[94.43343,45.39028],[94.406,45.38683],[94.38237,45.38683],[94.36292,45.391],[94.33631,45.40216],[94.33452,45.40531],[94.33572,45.40937],[94.35131,45.43255],[94.35319,45.4572],[94.34964,45.46008],[94.31233,45.4712],[94.30251,45.47776],[94.28317,45.48536],[94.28125,45.48708],[94.28267,45.48783]],[[94.63722,45.46087],[94.6549,45.46212],[94.68182,45.45404]],[[94.26407,44.73935],[94.00245,44.80001],[93.89005,44.84667],[93.84511,44.88132],[93.83835,44.88213],[93.82721,44.88918],[93.8205,44.88933],[93.80981,44.90079],[93.79298,44.90574],[93.77331,44.91569],[93.76236,44.92776],[93.75369,44.93229],[93.75294,44.93668],[93.75874,44.94026],[93.75648,44.94318],[93.72471,44.96343],[93.72489,44.96632],[93.71701,44.96735],[93.71014,44.97136],[93.71409,44.9736],[93.71289,44.97523],[93.67366,44.98662],[93.67487,44.98942],[93.66602,44.99633],[93.63679,45.00391],[93.59828,45.00842],[93.59622,45.01136],[93.59038,45.01195],[93.58737,45.01629],[93.53494,45.01844],[93.52962,45.01602],[93.52036,45.01772],[93.51554,45.01518],[93.46022,45.01177],[93.44437,45.01384]],[[94.26478,44.73951],[94.29698,44.73811],[94.33231,44.74025],[94.34554,44.74572],[94.37151,44.74841],[94.37712,44.75099],[94.38426,44.7444],[94.38604,44.73613],[94.40244,44.72645],[94.41383,44.72267],[94.42235,44.72133],[94.44638,44.7248],[94.4657,44.72344]]]}},{"type":"Feature","properties":{"roadtype":"Хөрсөн зам","soum":"Цээл","soumCode":8243,"lengthKm":251.7},"geometry":{"type":"MultiLineString","coordinates":[[[95.85822,45.57633],[95.85357,45.58016],[95.83479,45.5868],[95.83026,45.59606],[95.79544,45.6117],[95.78475,45.61976],[95.77255,45.62188],[95.76061,45.61944],[95.74558,45.62015],[95.71769,45.63152],[95.70123,45.64994],[95.69797,45.66018],[95.7005,45.66855],[95.69857,45.67637],[95.68345,45.68707],[95.67252,45.69112],[95.66949,45.69821],[95.64866,45.70075],[95.63282,45.70756],[95.6279,45.71258],[95.61987,45.7145],[95.61744,45.71891],[95.60912,45.72334],[95.59208,45.74429],[95.58221,45.74466],[95.56913,45.75229],[95.5553,45.75389],[95.54112,45.76305],[95.52897,45.76359],[95.50499,45.77964],[95.49749,45.77863],[95.47545,45.78647],[95.46073,45.78762],[95.43363,45.8027]],[[95.31186,45.72397],[95.30494,45.69449],[95.31023,45.68318],[95.3227,45.67665],[95.31821,45.67374],[95.31948,45.66994],[95.31552,45.66366],[95.3191,45.64654],[95.31502,45.63626],[95.32255,45.63028]],[[95.32255,45.63028],[95.35152,45.6192],[95.43803,45.57857],[95.43894,45.57156],[95.4501,45.55549],[95.47083,45.50864]],[[95.32255,45.63028],[95.32167,45.61676],[95.31511,45.61068],[95.31341,45.60028],[95.31854,45.58837],[95.31971,45.54911],[95.33024,45.5423],[95.34744,45.53941],[95.35297,45.53542],[95.38503,45.53625],[95.40059,45.53352],[95.47083,45.50864]],[[95.88602,45.56772],[95.89146,45.57274],[95.90113,45.57413],[95.91475,45.58501],[95.93307,45.59231],[95.95879,45.59084],[95.98637,45.59784],[96.01817,45.60093],[96.03361,45.60586],[96.04696,45.60651],[96.05854,45.61389],[96.07618,45.61981],[96.10011,45.62206],[96.17136,45.61647],[96.18752,45.61162],[96.23767,45.60977],[96.28384,45.61592]],[[95.86624,45.56937],[95.85822,45.57633]],[[95.85822,45.57633],[95.86141,45.57068]],[[95.86987,45.57207],[95.87085,45.57036]],[[95.87085,45.57036],[95.87197,45.57108]],[[95.86141,45.57068],[95.86292,45.56915]],[[95.86141,45.57068],[95.86045,45.56932]],[[95.8715,45.56849],[95.87396,45.57054]],[[95.86929,45.5687],[95.87085,45.57036]],[[95.87073,45.56861],[95.8722,45.56997]],[[95.8663,45.5693],[95.86624,45.56937]],[[95.86459,45.56783],[95.86624,45.56937]],[[95.86045,45.56932],[95.8616,45.56887]],[[95.86045,45.56932],[95.85903,45.56641],[95.86184,45.5625]],[[95.86652,45.56885],[95.8663,45.5693]],[[95.86292,45.56915],[95.86322,45.5675]],[[95.86292,45.56915],[95.86224,45.56899]],[[95.84907,45.5579],[95.83249,45.55731],[95.81582,45.56247],[95.80188,45.56238],[95.79466,45.56492],[95.78028,45.56233],[95.6772,45.55707],[95.65296,45.56382],[95.6395,45.56375],[95.61338,45.56915]],[[95.86213,45.56768],[95.86224,45.56899]],[[95.86224,45.56899],[95.8616,45.56887]],[[95.8616,45.56887],[95.86213,45.56768]],[[95.86652,45.56885],[95.86699,45.56855]],[[95.866,45.56749],[95.86652,45.56885]],[[95.86699,45.56855],[95.86929,45.5687]],[[95.86929,45.5687],[95.87073,45.56861]],[[95.86844,45.56793],[95.86929,45.5687]],[[95.87073,45.56861],[95.8715,45.56849]],[[95.87088,45.56678],[95.87073,45.56861]],[[95.86685,45.56717],[95.86699,45.56855]],[[95.8715,45.56849],[95.87342,45.56825]],[[95.87088,45.56678],[95.8715,45.56849]],[[95.87394,45.56734],[95.87342,45.56825]],[[95.87248,45.56674],[95.87342,45.56825]],[[95.86474,45.56702],[95.86459,45.56783]],[[95.86459,45.56783],[95.86322,45.5675]],[[95.8806,45.55696],[95.88602,45.56772]],[[95.87485,45.5653],[95.88602,45.56772]],[[95.86156,45.56691],[95.86213,45.56768]],[[95.86322,45.5675],[95.86329,45.56694]],[[95.86292,45.56688],[95.86322,45.5675]],[[95.87394,45.56734],[95.87485,45.5653]],[[95.87248,45.56674],[95.87394,45.56734]],[[95.86825,45.56658],[95.86685,45.56717]],[[95.86666,45.56526],[95.86685,45.56717]],[[95.86509,45.56681],[95.86474,45.56702]],[[95.86329,45.56694],[95.86474,45.56702]],[[95.86321,45.56624],[95.86329,45.56694]],[[95.86329,45.56694],[95.86292,45.56688]],[[95.8628,45.5666],[95.86292,45.56688]],[[95.87121,45.56671],[95.87088,45.56678]],[[95.87248,45.56674],[95.87121,45.56671]],[[95.87121,45.56671],[95.87179,45.56477]],[[95.8628,45.5666],[95.86321,45.56624]],[[95.86212,45.56647],[95.8628,45.5666]],[[95.86715,45.56543],[95.86825,45.56658]],[[95.86763,45.56606],[95.86825,45.56658]],[[95.8646,45.56578],[95.86321,45.56624]],[[95.8646,45.56578],[95.86541,45.5656]],[[95.8646,45.56578],[95.86413,45.56419]],[[95.86727,45.56486],[95.86715,45.56543]],[[95.86666,45.56526],[95.86715,45.56543]],[[95.87485,45.5653],[95.87626,45.56254]],[[95.87276,45.5648],[95.87485,45.5653]],[[95.86634,45.56515],[95.86666,45.56526]],[[95.86634,45.56515],[95.86668,45.56468]],[[95.86517,45.56507],[95.86634,45.56515]],[[95.87179,45.56477],[95.87276,45.5648]],[[95.86537,45.56367],[95.86727,45.56486]],[[95.86668,45.56468],[95.86727,45.56486]],[[95.87276,45.5648],[95.87414,45.56269]],[[95.87045,45.56309],[95.87179,45.56477]],[[95.86508,45.56409],[95.86668,45.56468]],[[95.86413,45.56419],[95.86508,45.56409]],[[95.86508,45.56409],[95.86537,45.56367]],[[95.86438,45.56228],[95.86537,45.56367]],[[95.87414,45.56269],[95.87424,45.56234]],[[95.87414,45.56269],[95.87233,45.56146]],[[95.87231,45.56268],[95.87123,45.56123]],[[95.87626,45.56254],[95.87616,45.56173]],[[95.87626,45.56254],[95.87443,45.56123]],[[95.86184,45.5625],[95.86209,45.56121]],[[95.87424,45.56234],[95.87402,45.56162]],[[95.87424,45.56234],[95.87276,45.56141]],[[95.87616,45.56173],[95.8806,45.55696]],[[95.87616,45.56173],[95.87376,45.5609]],[[95.87402,45.56162],[95.87443,45.56123]],[[95.87402,45.56162],[95.87325,45.5612]],[[95.86349,45.56123],[95.86209,45.56121]],[[95.87233,45.56146],[95.87276,45.56141]],[[95.87233,45.56146],[95.87166,45.56082]],[[95.87276,45.56141],[95.87325,45.5612]],[[95.87041,45.5613],[95.87046,45.56041]],[[95.87123,45.56123],[95.87166,45.56082]],[[95.87123,45.56123],[95.87046,45.56041]],[[95.87443,45.56123],[95.87376,45.5609]],[[95.86262,45.5606],[95.86349,45.56123]],[[95.8623,45.56086],[95.86349,45.56123]],[[95.86209,45.56121],[95.8623,45.56086]],[[95.87325,45.5612],[95.87376,45.5609]],[[95.87376,45.5609],[95.87212,45.55972]],[[95.8623,45.56086],[95.86262,45.5606]],[[95.86151,45.5607],[95.8623,45.56086]],[[95.87166,45.56082],[95.87152,45.56053]],[[95.86262,45.5606],[95.86307,45.5604]],[[95.87152,45.56053],[95.87181,45.55992]],[[95.87152,45.56053],[95.87031,45.55924]],[[95.86358,45.56008],[95.86977,45.55938]],[[95.87046,45.56041],[95.86977,45.55938]],[[95.86307,45.5604],[95.86358,45.56008]],[[95.86307,45.5604],[95.86244,45.55954]],[[95.86358,45.56008],[95.86244,45.55954]],[[95.87181,45.55992],[95.87212,45.55972]],[[95.87181,45.55992],[95.87031,45.55924]],[[95.87212,45.55972],[95.87039,45.55619]],[[95.86244,45.55954],[95.86113,45.55895]],[[95.86977,45.55938],[95.87031,45.55924]],[[95.86069,45.55935],[95.86113,45.55895]],[[95.86113,45.55895],[95.87039,45.55619]],[[95.85233,45.55867],[95.84907,45.5579]],[[95.83322,45.54784],[95.84907,45.5579]],[[95.8806,45.55696],[95.88235,45.55554],[95.87613,45.53195],[95.87122,45.52418],[95.86732,45.51022],[95.86849,45.50144],[95.86406,45.48151],[95.86381,45.46418],[95.86616,45.45394],[95.86327,45.44358],[95.86484,45.43172],[95.87555,45.41491],[95.92455,45.35715],[95.93351,45.3508],[95.95095,45.3231],[95.95599,45.31999],[95.93091,45.3049],[95.92995,45.30252],[95.9349,45.29765],[95.92658,45.29033],[95.91992,45.27597],[95.92099,45.26876],[95.9269,45.26007],[95.93473,45.23583],[95.93832,45.23092],[95.93485,45.22246],[95.94065,45.18833],[95.94142,45.16585],[95.9385,45.15945]],[[95.87039,45.55619],[95.8806,45.55696]],[[95.61725,45.54502],[95.61951,45.54787]],[[95.47083,45.50864],[95.47596,45.50819]],[[95.9385,45.15945],[96.01809,45.08371],[96.03002,45.07358],[96.04725,45.06345]],[[95.9385,45.15945],[95.92279,45.131],[95.91401,45.09489],[95.91286,45.08027],[95.89987,45.06994]]]}},{"type":"Feature","properties":{"roadtype":"Хөрсөн зам","soum":"Есөнбулаг","soumCode":8201,"lengthKm":224.8},"geometry":{"type":"MultiLineString","coordinates":[[[95.84633,46.40897],[95.85202,46.41263],[95.87119,46.41594],[95.87432,46.42037],[95.89045,46.42322],[95.90127,46.41624],[95.91629,46.41109],[95.91811,46.39756],[95.92858,46.3831],[95.99376,46.37609],[96.00027,46.37441],[96.00234,46.37089]],[[96.29663,46.41665],[96.29657,46.4167]],[[96.25424,46.40752],[96.24759,46.39616]],[[96.27172,46.37593],[96.28802,46.37707],[96.29564,46.38056],[96.29823,46.38303],[96.29799,46.38743],[96.30561,46.39113],[96.30666,46.39895],[96.30931,46.40162],[96.30701,46.40423]],[[96.1331,46.40008],[96.14854,46.37704],[96.15256,46.37455],[96.23018,46.35938]],[[96.25476,46.38665],[96.25363,46.39705]],[[96.2517,46.38293],[96.25045,46.39148]],[[96.23691,46.38526],[96.24563,46.3829]],[[96.25666,46.38485],[96.2517,46.38293]],[[96.25692,46.38454],[96.25625,46.38332]],[[96.25625,46.38332],[96.25625,46.38265]],[[96.25433,46.38222],[96.25625,46.38332]],[[96.25198,46.38283],[96.2517,46.38293]],[[96.2517,46.38293],[96.25039,46.38177]],[[96.24563,46.3829],[96.24776,46.3827]],[[96.24501,46.38233],[96.24563,46.3829]],[[96.25387,46.38262],[96.25198,46.38283]],[[96.25198,46.38283],[96.25017,46.38075]],[[96.24776,46.3827],[96.24895,46.38242]],[[96.24617,46.38149],[96.24776,46.3827]],[[96.25682,46.38264],[96.25723,46.38246]],[[96.25625,46.38265],[96.25682,46.38264]],[[96.25479,46.38174],[96.25625,46.38265]],[[96.25511,46.38113],[96.25682,46.38264]],[[96.25433,46.38222],[96.25387,46.38262]],[[96.25017,46.38075],[96.25387,46.38262]],[[96.25723,46.38246],[96.25784,46.38239]],[[96.25556,46.38074],[96.25723,46.38246]],[[96.24895,46.38242],[96.25039,46.38177]],[[96.24332,46.38028],[96.24895,46.38242]],[[96.25784,46.38239],[96.25831,46.38217]],[[96.25598,46.38056],[96.25784,46.38239]],[[96.24536,46.38177],[96.24501,46.38233]],[[96.24329,46.38176],[96.24501,46.38233]],[[96.25473,46.38181],[96.25433,46.38222]],[[96.25433,46.38222],[96.25211,46.38066]],[[96.25888,46.38198],[96.25911,46.38217]],[[96.25831,46.38217],[96.25888,46.38198]],[[96.25637,46.38045],[96.25831,46.38217]],[[96.25679,46.38036],[96.25888,46.38198]],[[96.23754,46.38187],[96.23999,46.38174]],[[96.24536,46.38177],[96.24617,46.38149]],[[96.25479,46.38174],[96.25473,46.38181]],[[96.2529,46.38108],[96.25473,46.38181]],[[96.25039,46.38177],[96.24917,46.38082]],[[96.2435,46.38133],[96.24536,46.38177]],[[96.2435,46.38133],[96.24329,46.38176]],[[96.24211,46.38139],[96.24329,46.38176]],[[96.2572,46.38005],[96.25948,46.38175]],[[96.23999,46.38174],[96.24211,46.38139]],[[96.23999,46.38174],[96.24027,46.38127]],[[96.25511,46.38113],[96.25479,46.38174]],[[96.2489,46.38104],[96.24869,46.38151]],[[96.24379,46.38084],[96.24617,46.38149]],[[96.24054,46.3808],[96.24211,46.38139]],[[96.24379,46.38084],[96.2435,46.38133]],[[96.23778,46.37937],[96.2435,46.38133]],[[96.24027,46.38127],[96.24054,46.3808]],[[96.24027,46.38127],[96.23718,46.38042]],[[96.24379,46.37994],[96.24793,46.38125]],[[96.2576,46.37971],[96.25994,46.38123]],[[96.25504,46.381],[96.25511,46.38113]],[[96.24917,46.38082],[96.2489,46.38104]],[[96.24417,46.37939],[96.2489,46.38104]],[[96.25462,46.38087],[96.25502,46.38101]],[[96.25315,46.38068],[96.25462,46.38087]],[[96.25341,46.37878],[96.25462,46.38087]],[[96.2526,46.37869],[96.25462,46.38087]],[[96.24308,46.3807],[96.24379,46.38084]],[[96.24872,46.37993],[96.24917,46.38082]],[[96.24453,46.37902],[96.24917,46.38082]],[[96.23741,46.37981],[96.24054,46.3808]],[[96.25017,46.38075],[96.24896,46.37959]],[[96.25771,46.37932],[96.26039,46.38073]],[[96.24308,46.3807],[96.24332,46.38028]],[[96.23937,46.37919],[96.24308,46.3807]],[[96.25244,46.37975],[96.25315,46.38068]],[[96.25229,46.38032],[96.25315,46.38068]],[[96.25341,46.37878],[96.25582,46.38062]],[[96.25141,46.38059],[96.25095,46.38031]],[[96.25245,46.37782],[96.25658,46.38042]],[[96.25229,46.38032],[96.25212,46.37987]],[[96.25003,46.37896],[96.25229,46.38032]],[[96.25095,46.38031],[96.25107,46.38017]],[[96.25095,46.38031],[96.24928,46.37943]],[[96.24332,46.38028],[96.24379,46.37994]],[[96.23946,46.37869],[96.24332,46.38028]],[[96.25823,46.37879],[96.26081,46.38024]],[[96.25556,46.37948],[96.25707,46.38015]],[[96.24702,46.37927],[96.24872,46.37993]],[[96.24379,46.37994],[96.24417,46.37939]],[[96.23966,46.3781],[96.24379,46.37994]],[[96.24872,46.3797],[96.24872,46.37993]],[[96.25212,46.37987],[96.25244,46.37975]],[[96.25003,46.37896],[96.25212,46.37987]],[[96.25698,46.37794],[96.26115,46.37986]],[[96.25565,46.37936],[96.25748,46.37984]],[[96.25224,46.37895],[96.25244,46.37975]],[[96.24896,46.37959],[96.24872,46.3797]],[[96.24739,46.37888],[96.24872,46.3797]],[[96.24896,46.37959],[96.24928,46.37943]],[[96.25535,46.37721],[96.2577,46.37951]],[[96.25556,46.37948],[96.25565,46.37936]],[[96.25463,46.37849],[96.25556,46.37948]],[[96.24928,46.37943],[96.24899,46.37838]],[[96.25918,46.37749],[96.26153,46.37941]],[[96.24417,46.37939],[96.24453,46.37902]],[[96.24067,46.37792],[96.24417,46.37939]],[[96.25436,46.37716],[96.25565,46.37936]],[[96.24702,46.37927],[96.24739,46.37888]],[[96.2454,46.37876],[96.24702,46.37927]],[[96.23937,46.37919],[96.23946,46.37869]],[[96.23837,46.3785],[96.23937,46.37919]],[[96.24453,46.37902],[96.2454,46.37876]],[[96.24067,46.37792],[96.24453,46.37902]],[[96.24932,46.37889],[96.25003,46.37896]],[[96.25224,46.37895],[96.2525,46.37861]],[[96.2504,46.37807],[96.25224,46.37895]],[[96.24604,46.37828],[96.24739,46.37888]],[[96.2597,46.37769],[96.26195,46.37884]],[[96.2526,46.37869],[96.25341,46.37878]],[[96.2454,46.37876],[96.24604,46.37828]],[[96.24288,46.37782],[96.2454,46.37876]],[[96.2525,46.37861],[96.2526,46.37869]],[[96.23946,46.37869],[96.23966,46.3781]],[[96.26511,46.37833],[96.26599,46.37849]],[[96.2504,46.37807],[96.2525,46.37861]],[[96.26631,46.37688],[96.26599,46.37849]],[[96.26599,46.37849],[96.26598,46.37691]],[[96.25326,46.37678],[96.25463,46.37849]],[[96.25272,46.37736],[96.25463,46.37849]],[[96.25678,46.3771],[96.25691,46.37838]],[[96.247,46.37788],[96.24899,46.37838]],[[96.24899,46.37838],[96.24919,46.37837]],[[96.24604,46.37828],[96.2466,46.37803]],[[96.24288,46.37782],[96.24604,46.37828]],[[96.25991,46.37737],[96.26239,46.3782]],[[96.23966,46.3781],[96.2397,46.37796]],[[96.2504,46.37807],[96.25245,46.37782]],[[96.24954,46.37774],[96.2504,46.37807]],[[96.2466,46.37803],[96.247,46.37788]],[[96.24268,46.37721],[96.2466,46.37803]],[[96.24067,46.37792],[96.2397,46.37796]],[[96.2397,46.37796],[96.23963,46.37721]],[[96.247,46.37788],[96.24782,46.37701]],[[96.25738,46.37743],[96.25841,46.37788]],[[96.25245,46.37782],[96.25256,46.37763]],[[96.24013,46.37693],[96.24288,46.37782]],[[96.24839,46.37756],[96.24954,46.37774]],[[96.26001,46.3771],[96.26254,46.37772]],[[96.25991,46.37737],[96.2597,46.37769]],[[96.25918,46.37749],[96.2597,46.37769]],[[96.25256,46.37763],[96.25272,46.37736]],[[96.25122,46.37704],[96.25256,46.37763]],[[96.25813,46.37659],[96.25918,46.37749]],[[96.25678,46.3771],[96.25738,46.37743]],[[96.26001,46.3771],[96.25991,46.37737]],[[96.25272,46.37736],[96.25326,46.37678]],[[96.25242,46.37724],[96.25272,46.37736]],[[96.26128,46.3763],[96.26274,46.37735]],[[96.25535,46.37721],[96.25678,46.3771]],[[96.24561,46.37669],[96.24312,46.37678]],[[96.25426,46.37596],[96.25535,46.37721]],[[96.25436,46.37716],[96.25535,46.37721]],[[96.24293,46.37675],[96.24268,46.37721]],[[96.24078,46.37673],[96.24268,46.37721]],[[96.25386,46.37632],[96.25436,46.37716]],[[96.25679,46.37686],[96.25678,46.3771]],[[96.26005,46.37663],[96.26001,46.3771]],[[96.24988,46.3771],[96.25122,46.37704]],[[96.24782,46.37701],[96.24988,46.3771]],[[96.25016,46.37656],[96.25122,46.37704]],[[96.26108,46.3767],[96.26111,46.37702]],[[96.24782,46.37701],[96.24788,46.37679]],[[96.26598,46.37691],[96.26631,46.37688]],[[96.26406,46.37563],[96.26598,46.37691]],[[96.26631,46.37688],[96.27172,46.37593]],[[96.26005,46.37663],[96.26071,46.37688]],[[96.25679,46.37686],[96.25789,46.37656]],[[96.25466,46.37546],[96.25679,46.37686]],[[96.24788,46.37679],[96.24809,46.37648]],[[96.24561,46.37669],[96.24788,46.37679]],[[96.25326,46.37678],[96.25386,46.37632]],[[96.24312,46.37678],[96.24561,46.37669]],[[96.24293,46.37675],[96.24312,46.37678]],[[96.25816,46.37622],[96.25922,46.37676]],[[96.24176,46.37654],[96.24293,46.37675]],[[96.26108,46.3767],[96.26085,46.37667]],[[96.26128,46.3763],[96.26108,46.3767]],[[96.25977,46.37597],[96.26005,46.37663]],[[96.25816,46.37622],[96.25813,46.37659]],[[96.25789,46.37656],[96.25813,46.37659]],[[96.24809,46.37648],[96.25016,46.37656]],[[96.24579,46.37624],[96.24809,46.37648]],[[96.25386,46.37632],[96.25426,46.37596]],[[96.25977,46.37597],[96.26128,46.3763]],[[96.24556,46.3758],[96.25018,46.37614]],[[96.25977,46.37597],[96.25816,46.37622]],[[96.25018,46.37614],[96.25036,46.37618]],[[96.24957,46.37493],[96.25018,46.37614]],[[96.25426,46.37596],[96.25427,46.37593]],[[96.26604,46.37347],[96.27172,46.37593]],[[96.24484,46.37593],[96.24666,46.37227]],[[96.25427,46.37593],[96.25466,46.37546]],[[96.25427,46.37593],[96.2525,46.37409]],[[96.00846,46.36823],[96.01809,46.37587]],[[96.25031,46.37472],[96.25056,46.37577]],[[96.25466,46.37546],[96.25813,46.37575]],[[96.25107,46.3745],[96.25091,46.37574]],[[96.26604,46.37347],[96.26406,46.37563]],[[96.26406,46.37563],[96.26393,46.37563]],[[96.26468,46.3741],[96.26344,46.3744]],[[96.25115,46.374],[96.25142,46.3744]],[[95.8682,46.36194],[95.85825,46.37429]],[[96.26297,46.37417],[96.26377,46.37287]],[[96.26275,46.37408],[96.26297,46.37417]],[[96.26468,46.3741],[96.26483,46.37414]],[[96.26377,46.37287],[96.26468,46.3741]],[[96.25099,46.37222],[96.25115,46.374]],[[96.25115,46.374],[96.24975,46.37346]],[[96.25329,46.37365],[96.2533,46.37395]],[[96.25306,46.37392],[96.25329,46.37365]],[[96.26191,46.37378],[96.26259,46.37239]],[[96.26176,46.37348],[96.26233,46.37226]],[[96.2656,46.37323],[96.26604,46.37347]],[[96.24975,46.37346],[96.24666,46.37227]],[[96.26697,46.37203],[96.2656,46.37323]],[[96.2653,46.37305],[96.2656,46.37323]],[[96.26377,46.37287],[96.26417,46.37235]],[[96.26259,46.37239],[96.26377,46.37287]],[[96.26233,46.37226],[96.26259,46.37239]],[[96.24666,46.37227],[96.24679,46.3721]],[[96.26233,46.37226],[96.26298,46.37166]],[[96.26009,46.37203],[96.26233,46.37226]],[[96.24823,46.37127],[96.24679,46.3721]],[[96.24679,46.3721],[96.24772,46.3698]],[[96.26848,46.37172],[96.26697,46.37203]],[[96.26548,46.37099],[96.26697,46.37203]],[[96.25603,46.37027],[96.25912,46.37179]],[[96.26311,46.37173],[96.26457,46.37124]],[[96.26924,46.37171],[96.26848,46.37172]],[[96.26643,46.37046],[96.26848,46.37172]],[[96.26969,46.37157],[96.26924,46.37171]],[[96.26707,46.37035],[96.26924,46.37171]],[[96.35919,46.36406],[96.35503,46.36791],[96.35665,46.37159]],[[96.26837,46.37035],[96.26969,46.37157]],[[96.26756,46.37025],[96.26969,46.37157]],[[96.00569,46.37149],[96.00846,46.36823]],[[96.26555,46.37081],[96.26714,46.37144]],[[96.26457,46.37124],[96.26548,46.37099]],[[96.26289,46.37043],[96.26457,46.37124]],[[96.26548,46.37099],[96.26555,46.37081]],[[96.2632,46.37006],[96.26548,46.37099]],[[96.26555,46.37081],[96.26585,46.37057]],[[96.26344,46.36968],[96.26555,46.37081]],[[96.26585,46.37057],[96.26643,46.37046]],[[96.26367,46.36933],[96.26585,46.37057]],[[96.25121,46.3705],[96.24999,46.37015]],[[96.26643,46.37046],[96.26707,46.37035]],[[96.26399,46.36903],[96.26643,46.37046]],[[96.25705,46.36737],[96.26289,46.37043]],[[96.26707,46.37035],[96.26756,46.37025]],[[96.26433,46.3688],[96.26707,46.37035]],[[96.26518,46.36819],[96.26837,46.37035]],[[96.26756,46.37025],[96.26837,46.37035]],[[96.25861,46.36913],[96.25603,46.37027]],[[96.25586,46.37024],[96.25603,46.37027]],[[96.25513,46.37027],[96.25535,46.37023]],[[96.26484,46.36845],[96.26756,46.37025]],[[96.25535,46.37023],[96.25586,46.37024]],[[96.24999,46.37015],[96.24987,46.37012]],[[96.24987,46.37012],[96.24908,46.36992]],[[96.25754,46.36714],[96.2632,46.37006]],[[96.24916,46.36981],[96.24884,46.36997]],[[96.25146,46.36992],[96.25026,46.36964]],[[96.24795,46.36897],[96.24921,46.36971]],[[96.25808,46.36691],[96.26344,46.36968]],[[96.25081,46.36949],[96.24979,46.36881]],[[96.25861,46.3667],[96.26367,46.36933]],[[96.25052,46.36857],[96.25226,46.36902]],[[96.25926,46.36653],[96.26399,46.36903]],[[96.24892,46.36874],[96.24971,46.36893]],[[96.25986,46.36625],[96.26433,46.3688]],[[96.26049,46.3661],[96.26484,46.36845]],[[96.24926,46.36843],[96.2483,46.36817]],[[96.25247,46.36747],[96.25185,46.36838]],[[96.26578,46.36783],[96.26646,46.36823]],[[96.00846,46.36823],[95.99873,46.35223],[95.96679,46.33434],[95.97024,46.32389],[95.97657,46.31783],[95.96921,46.30629],[95.95301,46.29865],[95.94466,46.28873],[95.88002,46.25642],[95.83573,46.22801],[95.79687,46.20132],[95.76748,46.17574]],[[96.26107,46.36598],[96.26518,46.36819]],[[96.25305,46.36805],[96.253,46.36817]],[[96.2472,46.36817],[96.2473,46.3679]],[[96.24845,46.36791],[96.2483,46.36817]],[[96.2483,46.36817],[96.2473,46.3679]],[[96.24939,46.36816],[96.24845,46.36791]],[[96.25336,46.36776],[96.25443,46.36815]],[[96.25472,46.36809],[96.25394,46.36762]],[[96.25305,46.36805],[96.25336,46.36776]],[[96.25247,46.36747],[96.25305,46.36805]],[[96.26578,46.36783],[96.26548,46.36795]],[[96.24865,46.36756],[96.24845,46.36791]],[[96.24845,46.36791],[96.24719,46.36756]],[[96.2473,46.3679],[96.24719,46.36756]],[[96.26609,46.3676],[96.26578,46.36783]],[[96.25044,46.36781],[96.2488,46.36734]],[[96.25336,46.36776],[96.25381,46.36717]],[[96.24927,46.36774],[96.24865,46.36756]],[[96.26656,46.36734],[96.26609,46.3676]],[[96.2623,46.36574],[96.26609,46.3676]],[[96.2488,46.36734],[96.24865,46.36756]],[[96.24865,46.36756],[96.24717,46.36718]],[[96.24719,46.36756],[96.24717,46.36718]],[[96.24896,46.36706],[96.25065,46.36749]],[[96.2511,46.36686],[96.25247,46.36747]],[[96.25643,46.36739],[96.25705,46.36737]],[[96.25705,46.36737],[96.25754,46.36714]],[[96.24694,46.36736],[96.24129,46.36438]],[[96.2669,46.36704],[96.26656,46.36734]],[[96.26304,46.36558],[96.26656,46.36734]],[[96.24896,46.36706],[96.2488,46.36734]],[[96.2488,46.36734],[96.24734,46.36689]],[[96.25076,46.36732],[96.24911,46.36681]],[[96.24717,46.36718],[96.24734,46.36689]],[[96.25754,46.36714],[96.25808,46.36691]],[[96.24911,46.36681],[96.24896,46.36706]],[[96.24791,46.36676],[96.24896,46.36706]],[[96.2671,46.36659],[96.2669,46.36704]],[[96.26386,46.36541],[96.2669,46.36704]],[[96.25097,46.36703],[96.24932,46.36652]],[[96.25154,46.36629],[96.25361,46.36701]],[[96.25808,46.36691],[96.25861,46.3667]],[[96.24734,46.36689],[96.24765,46.36637]],[[96.24932,46.36652],[96.24911,46.36681]],[[96.24911,46.36681],[96.24765,46.36637]],[[96.25861,46.3667],[96.25926,46.36653]],[[96.24689,46.36665],[96.24184,46.36389]],[[96.26452,46.36529],[96.2671,46.36659]],[[96.26452,46.36529],[96.2671,46.36659]],[[96.25045,46.36658],[96.24995,46.36611]],[[96.25926,46.36653],[96.25986,46.36625]],[[96.24932,46.36652],[96.24765,46.36637]],[[96.2495,46.36627],[96.24932,46.36652]],[[96.25152,46.36631],[96.24978,46.36581]],[[96.24978,46.36581],[96.2495,46.36627]],[[96.25986,46.36625],[96.26049,46.3661]],[[96.26049,46.3661],[96.26107,46.36598]],[[96.24731,46.36607],[96.24241,46.3633]],[[96.25173,46.36604],[96.25071,46.36573]],[[96.26107,46.36598],[96.26162,46.36587]],[[96.26162,46.36587],[96.2623,46.36574]],[[96.24997,46.36558],[96.24978,46.36581]],[[96.26123,46.3658],[96.26185,46.36563]],[[96.2623,46.36574],[96.26304,46.36558]],[[96.25095,46.36533],[96.25071,46.36573]],[[96.25071,46.36573],[96.24997,46.36558]],[[96.26185,46.36563],[96.26286,46.3654]],[[96.26023,46.36415],[96.26185,46.36563]],[[96.26304,46.36558],[96.26386,46.36541]],[[96.24782,46.36558],[96.24285,46.36283]],[[96.24997,46.36558],[96.24836,46.36506]],[[96.26386,46.36541],[96.26452,46.36529]],[[96.26286,46.3654],[96.26363,46.36523]],[[96.26087,46.36356],[96.26286,46.3654]],[[96.25132,46.3647],[96.25095,46.36533]],[[96.26166,46.36304],[96.26363,46.36523]],[[96.26123,46.36332],[96.26363,46.36523]],[[96.24836,46.36506],[96.24353,46.36219]],[[96.24066,46.36496],[96.24129,46.36438]],[[96.25145,46.36448],[96.25132,46.3647]],[[96.25808,46.36456],[96.26023,46.36415]],[[96.25302,46.36447],[96.24996,46.3635]],[[96.24129,46.36438],[96.24136,46.36432]],[[96.24136,46.36432],[96.24184,46.36389]],[[96.24136,46.36432],[96.2375,46.3623]],[[96.2532,46.36428],[96.25052,46.36296]],[[96.26023,46.36415],[96.26087,46.36356]],[[96.25647,46.36354],[96.25628,46.36402]],[[96.24948,46.36398],[96.24451,46.3613]],[[96.24184,46.36389],[96.24241,46.3633]],[[96.24184,46.36389],[96.23798,46.36181]],[[96.25382,46.36367],[96.25113,46.36237]],[[96.24981,46.36365],[96.24498,46.36096]],[[96.26087,46.36356],[96.26123,46.36332]],[[96.26087,46.36356],[96.26047,46.36279]],[[96.25668,46.36319],[96.25647,46.36354]],[[96.25647,46.36354],[96.25248,46.3611]],[[96.26123,46.36332],[96.26166,46.36304]],[[96.25417,46.36332],[96.25158,46.36193]],[[96.24241,46.3633],[96.24242,46.36327]],[[96.24242,46.36327],[96.24285,46.36283]],[[96.24242,46.36327],[96.23865,46.36102]],[[96.25697,46.36298],[96.25668,46.36319]],[[96.25668,46.36319],[96.2528,46.36083]],[[96.2504,46.36307],[96.24562,46.36046]],[[96.26166,46.36304],[96.26172,46.36272]],[[96.25845,46.35992],[96.25697,46.36298]],[[96.25697,46.36298],[96.2548,46.36164]],[[96.24285,46.36283],[96.24288,46.3628]],[[96.24288,46.3628],[96.24353,46.36219]],[[96.24288,46.3628],[96.23887,46.36019]],[[96.26047,46.36279],[96.26172,46.36272]],[[96.26047,46.36279],[96.25997,46.36144]],[[96.26172,46.36272],[96.26452,46.36223]],[[96.25104,46.36245],[96.24837,46.36119]],[[96.2375,46.3623],[96.23798,46.36181]],[[96.2375,46.3623],[96.23116,46.35883]],[[96.25127,46.36224],[96.24833,46.36063]],[[96.26452,46.36223],[96.26788,46.3587]],[[96.25997,46.36144],[96.26452,46.36223]],[[96.24353,46.36219],[96.24389,46.36183]],[[96.24353,46.36219],[96.23839,46.3593]],[[96.25156,46.36195],[96.24698,46.35925]],[[96.24389,46.36183],[96.24451,46.3613]],[[96.23798,46.36181],[96.23865,46.36102]],[[96.23798,46.36181],[96.23182,46.35826]],[[96.2548,46.36164],[96.25417,46.36]],[[96.2548,46.36164],[96.25327,46.36061]],[[96.25202,46.3615],[96.25248,46.3611]],[[96.25816,46.36109],[96.25997,46.36144]],[[96.24451,46.3613],[96.24498,46.36096]],[[96.24451,46.3613],[96.23943,46.35825]],[[96.24837,46.36119],[96.24833,46.36063]],[[96.24837,46.36119],[96.24599,46.36011]],[[96.25248,46.3611],[96.2528,46.36083]],[[96.25248,46.3611],[96.24802,46.35842]],[[96.23865,46.36102],[96.23887,46.36019]],[[96.23865,46.36102],[96.23272,46.35751]],[[96.24498,46.36096],[96.24562,46.36046]],[[96.24498,46.36096],[96.23978,46.35798]],[[96.2528,46.36083],[96.25327,46.36061]],[[96.2528,46.36083],[96.24854,46.35801]],[[96.24833,46.36063],[96.24627,46.35979]],[[96.25327,46.36061],[96.25359,46.36036]],[[96.24562,46.36046],[96.24599,46.36011]],[[96.24562,46.36046],[96.24048,46.35762]],[[96.25359,46.36036],[96.25417,46.36]],[[96.25359,46.36036],[96.25341,46.36024]],[[96.25016,46.35818],[96.25341,46.36024]],[[96.25341,46.36024],[96.25016,46.35818]],[[96.23887,46.36019],[96.23839,46.3593]],[[96.23887,46.36019],[96.23331,46.35701]],[[96.24599,46.36011],[96.24627,46.35979]],[[96.24599,46.36011],[96.2413,46.35732]],[[96.25417,46.36],[96.25375,46.35961]],[[96.24627,46.35979],[96.24698,46.35925]],[[96.24627,46.35979],[96.24188,46.35697]],[[96.25386,46.35902],[96.25375,46.35961]],[[96.25375,46.35961],[96.24964,46.35717]],[[96.23018,46.35938],[96.23036,46.35946]],[[96.29086,46.34812],[96.30729,46.34],[96.32453,46.33859],[96.34325,46.34541],[96.3478,46.35175],[96.3597,46.35562],[96.36074,46.35945]],[[96.23018,46.35938],[96.22563,46.35579]],[[96.25864,46.35931],[96.26788,46.3587]],[[96.23839,46.3593],[96.23884,46.35877]],[[96.23839,46.3593],[96.23376,46.35665]],[[96.2545,46.3589],[96.25697,46.35908]],[[96.24698,46.35925],[96.2475,46.35885]],[[96.24698,46.35925],[96.24234,46.35657]],[[96.25394,46.359],[96.25386,46.35902]],[[96.25386,46.35902],[96.2501,46.35684]],[[96.25394,46.359],[96.2545,46.3589]],[[96.25425,46.35871],[96.25394,46.359]],[[96.2545,46.3589],[96.25561,46.35827]],[[96.25426,46.35864],[96.2545,46.3589]],[[96.2475,46.35885],[96.24802,46.35842]],[[96.23116,46.35883],[96.23003,46.35823]],[[96.23884,46.35877],[96.23943,46.35825]],[[96.25426,46.35864],[96.25425,46.35871]],[[96.25425,46.35871],[96.25058,46.35649]],[[96.26788,46.3587],[96.29086,46.34812]],[[96.2539,46.35774],[96.25426,46.35864]],[[96.24802,46.35842],[96.24854,46.35801]],[[96.24802,46.35842],[96.2439,46.35594]],[[96.25561,46.35827],[96.25593,46.35784]],[[96.25561,46.35827],[96.25377,46.3574]],[[96.23182,46.35826],[96.23098,46.35776]],[[96.23943,46.35825],[96.23978,46.35798]],[[96.23943,46.35825],[96.23499,46.3557]],[[96.25893,46.35825],[96.25821,46.35637]],[[96.23088,46.35777],[96.23003,46.35823]],[[96.23003,46.35823],[96.22563,46.35579]],[[96.25016,46.35818],[96.24902,46.35761]],[[96.24854,46.35801],[96.24902,46.35761]],[[96.24854,46.35801],[96.24448,46.3556]],[[96.23978,46.35798],[96.24048,46.35762]],[[96.23978,46.35798],[96.23538,46.35542]],[[96.25593,46.35784],[96.25617,46.35737]],[[96.25593,46.35784],[96.254,46.35689]],[[96.23098,46.35776],[96.23088,46.35777]],[[96.23088,46.35777],[96.22669,46.35536]],[[96.23223,46.35736],[96.23098,46.35776]],[[96.25377,46.3574],[96.2539,46.35774]],[[96.2539,46.35774],[96.25064,46.35641]],[[96.24048,46.35762],[96.2413,46.35732]],[[96.24048,46.35762],[96.23591,46.35505]],[[96.24902,46.35761],[96.24913,46.35752]],[[96.24913,46.35752],[96.24964,46.35717]],[[96.24913,46.35752],[96.24511,46.35517]],[[96.23272,46.35751],[96.23223,46.35736]],[[96.24201,46.35685],[96.24315,46.3575]],[[96.254,46.35689],[96.25377,46.3574]],[[96.25617,46.35737],[96.25821,46.35637]],[[96.25617,46.35737],[96.25507,46.35668]],[[96.23307,46.35688],[96.23223,46.35736]],[[96.23223,46.35736],[96.22787,46.35506]],[[96.2413,46.35732],[96.24188,46.35697]],[[96.2413,46.35732],[96.23652,46.35461]],[[96.24964,46.35717],[96.2501,46.35684]],[[96.24964,46.35717],[96.24345,46.35357]],[[96.24188,46.35697],[96.24201,46.35685]],[[96.24188,46.35697],[96.23719,46.35414]],[[96.254,46.35689],[96.25339,46.35657]],[[96.2336,46.35644],[96.23307,46.35688]],[[96.22938,46.35458],[96.23307,46.35688]],[[96.24201,46.35685],[96.24234,46.35657]],[[96.2501,46.35684],[96.25058,46.35649]],[[96.2501,46.35684],[96.24381,46.35338]],[[96.25351,46.35536],[96.25507,46.35668]],[[96.25507,46.35668],[96.25384,46.35616]],[[96.24234,46.35657],[96.24293,46.35616]],[[96.24234,46.35657],[96.23761,46.35384]],[[96.25339,46.35657],[96.25384,46.35616]],[[96.25339,46.35657],[96.25055,46.35494]],[[96.25058,46.35649],[96.25064,46.35641]],[[96.23421,46.35595],[96.2336,46.35644]],[[96.23005,46.35433],[96.2336,46.35644]],[[96.25064,46.35641],[96.25035,46.35588]],[[96.25821,46.35637],[96.25881,46.3475]],[[96.24323,46.35634],[96.2439,46.35594]],[[96.25384,46.35616],[96.2534,46.35592]],[[96.26069,46.35605],[96.29086,46.34812]],[[96.23136,46.35407],[96.23421,46.35595]],[[96.2439,46.35594],[96.24448,46.3556]],[[96.2439,46.35594],[96.24111,46.35428]],[[96.2534,46.35592],[96.25351,46.35536]],[[96.2534,46.35592],[96.24992,46.35371]],[[96.25035,46.35588],[96.25055,46.35494]],[[96.25035,46.35588],[96.24707,46.35426]],[[96.22563,46.35579],[96.22655,46.3554]],[[96.21869,46.35178],[96.22563,46.35579]],[[96.24448,46.3556],[96.24511,46.35517]],[[96.24448,46.3556],[96.24198,46.35411]],[[96.22655,46.3554],[96.22669,46.35536]],[[96.21601,46.34941],[96.22655,46.3554]],[[96.25351,46.35536],[96.25375,46.35474]],[[96.24992,46.35371],[96.25351,46.35536]],[[96.22669,46.35536],[96.22774,46.35507]],[[96.24511,46.35517],[96.24278,46.35384]],[[96.22774,46.35507],[96.22787,46.35506]],[[96.2166,46.34887],[96.22774,46.35507]],[[96.22787,46.35506],[96.22878,46.35478]],[[96.23591,46.35505],[96.23316,46.35367]],[[96.25055,46.35494],[96.24702,46.35259]],[[96.22878,46.35478],[96.22938,46.35458]],[[96.2203,46.35001],[96.22878,46.35478]],[[96.25375,46.35474],[96.25881,46.3475]],[[96.24624,46.35029],[96.25375,46.35474]],[[96.22938,46.35458],[96.22974,46.35445]],[[96.22974,46.35445],[96.23005,46.35433]],[[96.21855,46.34785],[96.22974,46.35445]],[[96.23005,46.35433],[96.23136,46.35407]],[[96.24198,46.35411],[96.24111,46.35428]],[[96.24111,46.35428],[96.23894,46.35295]],[[96.24231,46.35038],[96.24707,46.35426]],[[96.24707,46.35426],[96.24096,46.35164]],[[96.24278,46.35384],[96.24198,46.35411]],[[96.24198,46.35411],[96.23814,46.35178]],[[96.23136,46.35407],[96.23316,46.35367]],[[96.21908,46.34725],[96.23136,46.35407]],[[96.23761,46.35384],[96.23575,46.35279]],[[96.24345,46.35357],[96.24278,46.35384]],[[96.24278,46.35384],[96.23898,46.35147]],[[96.24992,46.35371],[96.24702,46.35259]],[[96.23316,46.35367],[96.2342,46.35328]],[[96.23316,46.35367],[96.22207,46.34747]],[[96.24381,46.35338],[96.24345,46.35357]],[[96.24345,46.35357],[96.24003,46.3515]],[[96.23831,46.35345],[96.23894,46.35295]],[[96.23663,46.35249],[96.23823,46.35341]],[[96.24096,46.35164],[96.24381,46.35338]],[[96.2342,46.35328],[96.23508,46.35312]],[[96.22421,46.3478],[96.2342,46.35328]],[[96.23508,46.35312],[96.23575,46.35279]],[[96.23341,46.35199],[96.23508,46.35312]],[[96.23894,46.35295],[96.23776,46.35222]],[[96.23575,46.35279],[96.23663,46.35249]],[[96.23379,46.35184],[96.23575,46.35279]],[[96.24702,46.35259],[96.24285,46.35031]],[[96.23663,46.35249],[96.23776,46.35222]],[[96.23424,46.35119],[96.23663,46.35249]],[[96.23776,46.35222],[96.23808,46.35184]],[[96.23776,46.35222],[96.2332,46.34952]],[[96.23379,46.35184],[96.23341,46.35199]],[[96.22575,46.34765],[96.23341,46.35199]],[[96.23424,46.35119],[96.23379,46.35184]],[[96.23808,46.35184],[96.23814,46.35178]],[[96.23417,46.34903],[96.23808,46.35184]],[[96.23814,46.35178],[96.23898,46.35147]],[[96.24003,46.3515],[96.24096,46.35164]],[[96.23922,46.35144],[96.24003,46.3515]],[[96.23898,46.35147],[96.23922,46.35144]],[[96.23922,46.35144],[96.24038,46.35108]],[[96.22752,46.34744],[96.23424,46.35119]],[[96.24038,46.35108],[96.24231,46.35038]],[[96.24038,46.35108],[96.23141,46.34583]],[[96.24285,46.35031],[96.24624,46.35029]],[[96.24231,46.35038],[96.24285,46.35031]],[[96.24624,46.35029],[96.2586,46.34638]],[[96.25881,46.3475],[96.2586,46.34638]],[[96.2586,46.34638],[96.26695,46.32497],[96.27589,46.31106],[96.28737,46.30365],[96.28605,46.28528],[96.29622,46.27547],[96.31333,46.27252]],[[96.34937,46.29142],[96.28893,46.34238]],[[96.36911,46.25693],[96.37392,46.25566]],[[96.40716,46.24683],[96.42626,46.24064]],[[96.42626,46.24064],[96.42261,46.24273]],[[96.45624,46.22784],[96.42626,46.24064]],[[96.53301,46.05889],[96.52597,46.07004],[96.52153,46.11192],[96.52262,46.13493]],[[96.77552,45.97075],[96.77963,45.96766]]]}},{"type":"Feature","properties":{"roadtype":"Явган хүний зам","soum":"Есөнбулаг","soumCode":8201,"lengthKm":1.6},"geometry":{"type":"MultiLineString","coordinates":[[[96.24819,46.37472],[96.24861,46.37438]],[[96.24984,46.37462],[96.24935,46.37433]],[[96.24861,46.37438],[96.24935,46.37433]],[[96.24861,46.37438],[96.24873,46.37428]],[[96.24856,46.37386],[96.24861,46.37438]],[[96.24873,46.37428],[96.24922,46.37425]],[[96.24935,46.37433],[96.24926,46.37386]],[[96.24935,46.37433],[96.24922,46.37425]],[[96.24873,46.37428],[96.24888,46.37417]],[[96.2487,46.37394],[96.24873,46.37428]],[[96.24922,46.37425],[96.2487,46.37394]],[[96.24922,46.37425],[96.24907,46.37416]],[[96.24888,46.37417],[96.24907,46.37416]],[[96.24887,46.37404],[96.24888,46.37417]],[[96.24907,46.37416],[96.24887,46.37404]],[[96.2487,46.37394],[96.24887,46.37404]],[[96.24856,46.37386],[96.2487,46.37394]],[[96.24926,46.37386],[96.24856,46.37386]],[[96.24807,46.37359],[96.24856,46.37386]],[[96.24926,46.37386],[96.24975,46.37346]],[[96.24975,46.37346],[96.24985,46.37337]],[[96.25391,46.37159],[96.25391,46.37159]],[[96.25391,46.37159],[96.25406,46.37121]],[[96.25244,46.37124],[96.25406,46.37121]],[[96.25406,46.37121],[96.25446,46.37034]],[[96.25095,46.36533],[96.25202,46.36568]],[[96.25063,46.36467],[96.25104,46.36499]],[[96.24948,46.36498],[96.2497,46.36463]],[[96.25063,46.36467],[96.2497,46.36463]],[[96.25068,46.36458],[96.25063,46.36467]],[[96.2497,46.36463],[96.24978,46.3645]]]}}]}